,WEEK,MONTH,YEAR,segment,unit_price,total_cost,quantity,avg_inventory_whp,DCM,DCM_margin,competitor_price,qty_last_week,price_last_week,comp_last_week,qty_avg_prev_4w,ln_qty,ln_price,ln_cost,ln_competitor_price
0,1,1,2023,FRONT LOAD,12164.374176652504,8543.459090881783,557.0,9.015176692145785,3620.9150857707214,0.2911198548447977,25295.03788552963,,,,,6.322565239927284,9.406266809311692,9.052921250544422,10.138363524472677
1,1,1,2023,LAUNDRY CENTER,21050.511291039704,16747.506370421455,77.0,8.466666666666667,4303.004920618247,0.19332020380794443,39408.93986702637,,,,814.75,4.343805421853684,9.954680128176102,9.726004652762793,10.581747969726408
2,1,1,2023,SINGLE TUB,4181.6531382472895,2280.5090469932748,1457.0,9.291666666666666,1901.1440912540145,0.4538783926842759,4841.715583341483,,,,136.0,7.284134806195205,8.338461934953155,7.732153963253412,8.485024396272872
3,1,1,2023,TOP LOAD,10887.99515424503,7176.262865021875,7936.0,38.9999386633889,3711.7322892231555,0.3294501462253803,17460.092095701246,,,,1888.5,8.979164648964709,9.295416099276558,8.878534034202326,9.767673104047566
4,1,1,2023,TWIN TUB,5437.33882955003,3362.2888571699787,374.0,22.24404761904762,2075.0499723800513,0.3673668657717469,8075.528578878249,,,,9045.5,5.924255797414532,8.601045034415126,8.120377228531808,8.996593604633144
5,1,1,2023,WASHER-DRYER,19190.7496429783,14936.142742099928,16.0,0.14285714285714285,4254.606900878368,0.22658579847875557,32683.69563100311,,,,864.0,2.772588722239781,9.862183652489842,9.611539242092062,10.394631627984278
6,1,1,2024,FRONT LOAD,12141.903244843084,7992.791440152923,548.0,0.27362435031458454,4149.111804690162,0.329336096066583,32681.742100168478,557.0,12164.374176652504,25295.03788552963,557.0,6.306275286948016,9.404417827024393,8.9862953444735,10.394571855391819
7,1,1,2024,LAUNDRY CENTER,19276.742865184573,14429.531241819468,76.0,0.5066137566137566,4847.211623365106,0.22172005616293688,36594.55457734314,77.0,21050.511291039704,39408.93986702637,77.0,4.330733340286331,9.866654615365045,9.577032166265873,10.507654726280506
8,1,1,2024,SINGLE TUB,4174.1240353917665,2214.18579972769,1566.0,0.15,1959.9382356640763,0.4663848803121451,4837.05509066992,1457.0,4181.6531382472895,4841.715583341483,1457.0,7.356279876550748,8.336659803389152,7.7026400301303415,8.484061362187505
9,1,1,2024,TOP LOAD,10604.19757067869,6267.122317956304,6119.0,0.3677617480223079,4337.075252722387,0.4072935963783278,19042.976074915736,7936.0,10887.99515424503,17460.092095701246,7936.0,8.71915396346254,9.269005198947786,8.74307256781884,9.854453602586434
10,1,1,2024,TWIN TUB,5438.922027363563,3041.132613155452,463.0,0.34347943722943725,2397.789414208111,0.4312268521202991,7509.6041755876895,374.0,5437.33882955003,8075.528578878249,374.0,6.137727054086234,8.60133616347971,8.01998529513018,8.92393803705593
11,1,1,2024,WASHER-DRYER,17351.09697426456,11408.325191166456,25.0,0.0,5942.771783098103,0.34685234951189664,33183.753174344776,16.0,19190.7496429783,32683.69563100311,16.0,3.2188758248682006,9.76141100955871,9.342098647784834,10.40981567290928
12,1,1,2025,FRONT LOAD,11126.889100645485,4710.40667269,197.0,21.666666666666668,6416.482427955485,0.5766645438735662,30769.033401036308,548.0,12141.903244843084,32681.742100168478,552.5,5.2832037287379885,9.317119899418492,8.4575295256802,10.33426405414169
13,1,1,2025,LAUNDRY CENTER,20238.52367872628,12001.054374259998,3.0,0.0,8237.469304466282,0.4070192784429773,37739.40008876357,76.0,19276.742865184573,36594.55457734314,76.5,1.0986122886681098,9.915343179966701,9.392749789431942,10.538459922896983
14,1,1,2025,SINGLE TUB,4119.634918742913,2005.890717156,1438.0,933.6,2113.7442015869133,0.5130901750468491,4900.061910688612,1566.0,4174.1240353917665,4837.05509066992,1511.5,7.271008538280992,8.323519826461697,7.603843489049866,8.49700311885331
15,1,1,2025,TOP LOAD,9705.992287057672,4634.882562329474,2989.0,349.10526315789474,5071.109724728199,0.5224720538352583,18070.270065244542,6119.0,10604.19757067869,19042.976074915736,7027.5,8.002694162283937,9.180498735307692,8.441366140533221,9.802023328977887
16,1,1,2025,TWIN TUB,5472.292719738206,2613.433587533333,51.0,0.6666666666666666,2858.8591322048724,0.5224243801675945,7640.816206689354,463.0,5438.922027363563,7509.6041755876895,418.5,3.9318256327243257,8.607452951975832,7.868420186517049,8.941259709790595
17,1,12,2024,FRONT LOAD,11808.968796481418,7609.490762585719,848.0,2.1389356238685444,4199.478033895702,0.313881847685825,32681.742100168478,197.0,11126.889100645485,30769.033401036308,434.0,6.742880635791903,9.376614589247161,8.937151531742284,10.394571855391819
18,1,12,2024,LAUNDRY CENTER,19112.965650336373,14126.515635111098,151.0,0.6107804232804233,4986.450015225276,0.1583515026805682,36594.55457734314,3.0,20238.52367872628,37739.40008876357,52.0,5.017279836814924,9.858122213594491,9.555808851859023,10.507654726280506
19,1,12,2024,SINGLE TUB,4183.724495410997,2084.4627201728185,1412.0,311.6,2099.261775238179,0.5038469022673604,4837.05509066992,1438.0,4119.634918742913,4900.061910688612,1487.0,7.252762418053187,8.338957156399635,7.642266412859088,8.484061362187505
20,1,12,2024,TOP LOAD,10503.2841815825,6295.896484128662,7673.0,59.377112293373706,4207.38769745384,0.3878709077672018,19042.976074915736,2989.0,9705.992287057672,18070.270065244542,5681.333333333333,8.945462952177666,9.259443266438732,8.747653348432321,9.854453602586434
21,1,12,2024,TWIN TUB,5340.350741389667,2867.568023614744,1001.0,0.6666666666666666,2472.782717774923,0.4563068340263282,7509.6041755876895,51.0,5472.292719738206,7640.816206689354,296.0,6.90875477931522,8.583046611705456,7.961219570994082,8.92393803705593
22,1,12,2024,WASHER-DRYER,15912.51728873437,12388.92527509126,133.0,0.65,3523.5920136431087,0.17529511436745418,33183.753174344776,25.0,17351.09697426456,33183.753174344776,20.5,4.890349128221754,9.6748613293527,9.42455822954466,10.40981567290928
23,2,1,2023,FRONT LOAD,12309.624034198465,8504.207739112602,582.0,8.158866031618425,3805.416295085864,0.2999545048824231,26494.38201104958,848.0,11808.968796481418,32681.742100168478,537.5,6.366470447731438,9.418136677217253,9.048316348123299,10.18468798991619
24,2,1,2023,LAUNDRY CENTER,21898.871146609843,16233.42515607089,71.0,5.125,5665.445990538954,0.25993872632232284,39371.50777979891,151.0,19112.965650336373,36594.55457734314,76.75,4.2626798770413155,9.994190368659158,9.694827676818045,10.580797680887933
25,2,1,2023,SINGLE TUB,4253.6523220059025,2331.8940522872626,1289.0,20.916666666666664,1921.7582697186401,0.45167500801942306,4936.156345683547,1412.0,4183.724495410997,4837.05509066992,1468.25,7.161622002939187,8.355533262755323,7.7544361143144975,8.504342239654816
26,2,1,2023,TOP LOAD,10661.155615176636,7115.289020753253,6279.0,27.258066903341014,3545.866594423383,0.32303611703674995,19869.900213183522,7673.0,10503.2841815825,19042.976074915736,6179.25,8.744966011114109,9.27436209852124,8.870001131027566,9.896961313549534
27,2,1,2023,TWIN TUB,5442.707231639679,3322.4492613539364,437.0,10.107058823529412,2120.2579702857433,0.3763623146385929,8157.0228742390145,1001.0,5340.350741389667,7509.6041755876895,472.25,6.07993319509559,8.602031868936805,8.108457519245492,9.006634537543187
28,2,1,2023,WASHER-DRYER,18559.634861299575,15179.608032080003,17.0,0.0,3380.026829219572,0.18158845078054572,31949.772625935773,133.0,15912.51728873437,33183.753174344776,58.0,2.833213344056216,9.828744332725309,9.62770822927764,10.371920343221227
29,2,1,2024,FRONT LOAD,11846.139144243622,7804.858916352202,540.0,0.23933962069676354,4041.2802278914196,0.335010656203887,30686.427641542272,582.0,12309.624034198465,26494.38201104958,543.75,6.29156913955832,9.379757282863116,8.962501756726223,10.331575739455177
30,2,1,2024,LAUNDRY CENTER,21149.784486453158,14874.998612073932,82.0,0.18181818181818182,6274.785874379223,0.29742638066492666,38360.919727628476,71.0,21898.871146609843,39371.50777979891,75.25,4.406719247264253,9.9593849946567,9.607437137107873,10.5547945049255
31,2,1,2024,SINGLE TUB,4213.382323401302,2237.043088238887,1933.0,0.22592869269949067,1976.339235162415,0.4655040583304015,4958.747732426304,1289.0,4253.6523220059025,4936.156345683547,1426.25,7.566828479208331,8.346021006354691,7.7129102229223685,8.508908514541075
32,2,1,2024,TOP LOAD,10731.726506355077,6278.842006579436,7071.0,0.42577619133492595,4452.88449977564,0.4175319744869257,19504.276134838277,6279.0,10661.155615176636,19869.900213183522,5765.0,8.863757191604241,9.280959727280715,8.744940848602829,9.878389009477592
33,2,1,2024,TWIN TUB,5622.512773068278,2978.394837769502,528.0,0.2892109328775228,2644.1179352987756,0.4688205954322563,7511.874817348767,437.0,5442.707231639679,8157.0228742390145,488.0,6.269096283706261,8.634533955608262,7.999139789334302,8.924240356392055
34,2,1,2024,WASHER-DRYER,17379.790785355905,12889.665855124646,51.0,0.125,4490.124930231261,0.2658682358387722,32139.094321423257,17.0,18559.634861299575,31949.772625935773,47.75,3.9318256327243257,9.76306336108041,9.464181172798522,10.377828459722815
35,2,1,2025,FRONT LOAD,11827.016419021544,8023.246847898655,883.0,2.0685844677779692,3803.769571122891,0.2843517712759753,30447.72879678179,540.0,11846.139144243622,30686.427641542272,541.75,6.78332520060396,9.378141720516115,8.990098462811027,10.323766682401603
36,2,1,2025,LAUNDRY CENTER,18694.842165919472,14637.38358092892,71.0,0.0,4057.4585849905516,0.03248371310090161,38299.86884744345,82.0,21149.784486453158,38360.919727628476,76.75,4.2626798770413155,9.836002944793039,9.591334054393826,10.55320175081414
37,2,1,2025,SINGLE TUB,4272.6638407202245,2259.930225487281,1250.0,291.75,2012.733615232944,0.4700752831119165,5021.74915412313,1933.0,4213.382323401302,4958.747732426304,1518.0,7.1308988302963465,8.359992761994741,7.723089218111536,8.521533589071995
38,2,1,2025,TOP LOAD,10633.668201305982,6500.45314752484,7892.0,61.114854492708226,4133.215053781143,0.38672988646785783,17999.7758692126,7071.0,10731.726506355077,19504.276134838277,6003.0,8.973604867142505,9.271780491894784,8.779627168457573,9.798114585090367
39,2,1,2025,TWIN TUB,5323.6890671393485,3038.735582835293,991.0,0.14285714285714285,2284.953484304056,0.42550967043329246,7501.458971276204,528.0,5622.512773068278,7511.874817348767,504.25,6.898714534329988,8.579921775694459,8.019196781179849,8.922852810109486
40,2,1,2025,WASHER-DRYER,16441.064799885866,13109.829980112145,40.0,0.0,3331.234819773723,0.13933294471094632,30599.14992367716,51.0,17379.790785355905,32139.094321423257,56.5,3.6888794541139363,9.707537435362264,9.481117607956042,10.328727507282604
41,3,1,2023,FRONT LOAD,11625.157683786567,8137.446348016701,554.0,7.349219657653902,3487.7113357698645,0.2845948772951642,26821.742055449155,883.0,11827.016419021544,30447.72879678179,713.25,6.317164686747284,9.360926794560259,9.004231693317418,10.19696810832244
42,3,1,2023,LAUNDRY CENTER,21666.0172647575,15945.58914750004,64.0,4.488888888888889,5720.428117257459,0.2653668635662586,39197.517007671246,71.0,18694.842165919472,38299.86884744345,93.75,4.1588830833596715,9.983500287364675,9.676937527491582,10.576368682131347
43,3,1,2023,SINGLE TUB,4233.083851590066,2339.493762327785,1491.0,71.97368421052632,1893.5900892622801,0.44741964657572875,5025.535969942406,1250.0,4272.6638407202245,5021.74915412313,1471.0,7.307202314764738,8.350686049346713,7.75768984406112,8.522287387924486
44,3,1,2023,TOP LOAD,10893.496116866263,7223.379326479396,5676.0,27.247477130513484,3670.116790386868,0.32551761921085437,19720.86759093338,7892.0,10633.668201305982,17999.7758692126,7228.75,8.644002038279933,9.295921203602953,8.885078173144201,9.88943262267229
45,3,1,2023,TWIN TUB,5561.534144993199,3284.0377024073073,403.0,4.535444947209653,2277.496442585892,0.4020753128517802,8183.690770136049,991.0,5323.6890671393485,7501.458971276204,739.25,5.998936561946683,8.623629274542717,8.096828951142015,9.009898522232369
46,3,1,2023,WASHER-DRYER,19354.50601202591,15017.53115257612,27.0,0.07142857142857142,4336.974859449797,0.22893822451933168,32521.59415111142,40.0,16441.064799885866,30599.14992367716,60.25,3.295836866004329,9.870680540186736,9.616973541140418,10.389659583097158
47,3,1,2024,FRONT LOAD,11708.271184099563,7541.993258067621,601.0,0.23213016536218908,4166.277926031943,0.34860807451773773,30769.87069191591,554.0,11625.157683786567,26821.742055449155,639.75,6.398594934535208,9.368050809834239,8.928241783899528,10.334291265899585
48,3,1,2024,LAUNDRY CENTER,20515.475532434924,14641.684167806308,70.0,0.18269230769230768,5873.791364628616,0.2759359990766895,38119.22214728089,64.0,21666.0172647575,39197.517007671246,72.0,4.248495242049359,9.928934784350995,9.591627819683433,10.54847395218956
49,3,1,2024,SINGLE TUB,4132.680422082753,2219.1199364785202,1803.0,0.21785088337300912,1913.560485604232,0.4558658372772328,4986.362394735774,1491.0,4233.083851590066,5025.535969942406,1490.75,7.497207223203318,8.32668148804831,7.7048659712594825,8.514461943900299
50,3,1,2024,TOP LOAD,10579.54508278246,6296.677910736925,6993.0,0.3795855510848737,4282.867172045536,0.40604438641292934,19450.28692071826,5676.0,10893.496116866263,19720.86759093338,6729.5,8.852664927703866,9.266677706641207,8.747777457543732,9.875617100645666
51,3,1,2024,TWIN TUB,5264.9674903722635,3000.480204275943,758.0,0.22182017543859647,2264.487286096321,0.41516733515322435,7526.4899739962575,403.0,5561.534144993199,8183.690770136049,589.75,6.630683385642372,8.568830249880877,8.006527622932698,8.926184073205905
52,3,1,2024,WASHER-DRYER,17098.1235123288,11337.688487624131,40.0,0.0,5760.435024704668,0.3435023678771838,32102.390048839596,27.0,19354.50601202591,32521.59415111142,33.75,3.6888794541139363,9.74672400034818,9.335887719433961,10.376685762696514
53,3,1,2025,FRONT LOAD,12117.46904042507,8227.934203617564,795.0,0.7611698256800596,3889.5348368075083,0.3118900677033276,30651.821608158705,601.0,11708.271184099563,30769.87069191591,644.5,6.678342114654332,9.402403412768884,9.015290254097408,10.330447372164665
54,3,1,2025,LAUNDRY CENTER,20878.61715769014,15392.790359516737,61.0,0.16883116883116883,5485.826798173402,0.2576842723174107,38510.09148291398,70.0,20515.475532434924,38119.22214728089,71.75,4.110873864173311,9.946480811723426,9.64165452030839,10.558675602368687
55,3,1,2025,SINGLE TUB,4177.182799300241,2261.4078818668054,1111.0,243.1875,1915.774917433435,0.4584512515332364,5073.848699014908,1803.0,4132.680422082753,4986.362394735774,1619.25,7.01301578963963,8.337392326838666,7.723742854887662,8.531854920837006
56,3,1,2025,TOP LOAD,10876.749842651107,6622.502033884323,7232.0,28.486171950577177,4254.247808766782,0.39366270662831265,18339.5219799548,6993.0,10579.54508278246,19450.28692071826,6908.0,8.886270902072013,9.294382748084418,8.798228528263477,9.816813681128071
57,3,1,2025,TWIN TUB,5353.362458903426,3039.064526319853,797.0,0.39787581699346414,2314.297932583573,0.4271082072452684,7600.774464195085,758.0,5264.9674903722635,7526.4899739962575,670.0,6.680854678790215,8.585480139459827,8.019305025438948,8.93600542426621
58,3,1,2025,WASHER-DRYER,16232.903617458427,12970.230584243258,19.0,0.21428571428571427,3262.6730332151637,0.18061712800971197,31222.578711754973,40.0,17098.1235123288,32102.390048839596,39.5,2.9444389791664403,9.69479554884841,9.470412055428731,10.348896788728696
59,4,1,2023,FRONT LOAD,11766.98036268569,8457.534351121692,571.0,4.44547818430433,3309.4460115639986,0.27645985279348784,27625.985271203917,795.0,12117.46904042507,30651.821608158705,708.25,6.3473892096560105,9.373052613616245,9.042812962263133,10.226512104109974
60,4,1,2023,LAUNDRY CENTER,21269.23631690613,15770.088199516065,52.0,3.4545454545454546,5499.148117390062,0.2604495229977777,39757.27993619529,61.0,20878.61715769014,38510.09148291398,66.5,3.9512437185814275,9.965017003313985,9.665870272808665,10.590548246362776
61,4,1,2023,SINGLE TUB,4203.152020571019,2390.7151281774904,1580.0,60.4,1812.436892393529,0.4281395684124195,4929.1585981079415,1111.0,4177.182799300241,5073.848699014908,1413.75,7.365180126021013,8.343590003889682,7.7793478169798,8.502923582716015
62,4,1,2023,TOP LOAD,10764.166969863132,7059.140026967207,6289.0,24.337502228970365,3705.0269428959264,0.33606809721262165,19874.72484233042,7232.0,10876.749842651107,18339.5219799548,6948.25,8.746557354543503,9.283978023605263,8.862078513856499,9.897204095015649
63,4,1,2023,TWIN TUB,5564.708510250565,3532.096643228019,252.0,6.834498834498834,2032.6118670225458,0.3556323061176533,8221.354329592186,797.0,5353.362458903426,7600.774464195085,737.25,5.529429087511423,8.624199883227401,8.169646923531852,9.01449023476976
64,4,1,2023,WASHER-DRYER,18198.32013105839,14960.739222166274,12.0,0.125,3237.580908892117,0.17720527804056402,33601.637478899334,19.0,16232.903617458427,31222.578711754973,31.5,2.4849066497880004,9.809084568313637,9.613184663554083,10.422330079254861
65,4,1,2024,FRONT LOAD,12101.922584937978,7802.392779954775,814.0,0.20002505882208582,4299.529804983205,0.3529787425767277,31103.688311657483,571.0,11766.98036268569,27625.985271203917,630.25,6.70196036600254,9.401119610280132,8.96218573229528,10.345081686365612
66,4,1,2024,LAUNDRY CENTER,20643.79232695337,15485.019649472242,92.0,0.1393939393939394,5158.772677481131,0.2470264766797249,38564.891605749355,52.0,21269.23631690613,39757.27993619529,61.75,4.5217885770490405,9.935169939488963,9.647628361342386,10.560097597674389
67,4,1,2024,SINGLE TUB,4131.966958454711,2174.014238007113,2064.0,0.16520995092423665,1957.952720447598,0.46816062863097213,5020.089663552806,1580.0,4203.152020571019,4929.1585981079415,1496.25,7.6324011266014535,8.326508833705793,7.684330616881012,8.521203073791764
68,4,1,2024,TOP LOAD,10479.360874667564,6233.332045474243,8255.0,0.3599307112112177,4246.028829193319,0.4075471679255046,19435.634906724816,6289.0,10764.166969863132,19874.72484233042,6547.5,9.018574356354229,9.257162970773713,8.737666307566137,9.874863510965994
69,4,1,2024,TWIN TUB,5391.728709129296,2956.622649729026,768.0,0.23701923076923076,2435.1060594002693,0.43983138875266503,7462.799382102339,252.0,5564.708510250565,8221.354329592186,552.5,6.643789733147672,8.592621337737592,7.991802899172621,8.917685875100812
70,4,1,2024,WASHER-DRYER,16694.362256032393,11564.15488831245,54.0,0.07142857142857142,5130.207367719943,0.3096342679009911,32402.479231571546,12.0,18198.32013105839,33601.637478899334,24.5,3.9889840465642745,9.722826351949559,9.35566549705488,10.385990218345903
71,4,1,2025,FRONT LOAD,12399.83387273467,8450.975479122153,605.0,0.349258842292898,3948.8583936125187,0.30525314576735385,30266.69691149073,814.0,12101.922584937978,31103.688311657483,695.25,6.405228458030842,9.425438354143276,9.042037155004614,10.317803275199104
72,4,1,2025,LAUNDRY CENTER,19748.26599885956,15006.042579258452,57.0,0.7742424242424242,4742.223419601108,0.21266503584197158,38817.090666812335,92.0,20643.79232695337,38564.891605749355,68.75,4.04305126783455,9.890820968948741,9.616208237583885,10.566615909731453
73,4,1,2025,SINGLE TUB,4265.641672554327,2297.5294065764288,888.0,239.59113040517533,1968.1122659778985,0.46435820488416485,5014.4943798973445,2064.0,4131.966958454711,5020.089663552806,1639.5,6.78897174299217,8.35834789938395,7.739589653528313,8.520087873757337
74,4,1,2025,TOP LOAD,10669.975991497284,6571.535173159286,5781.0,25.314817110122764,4098.440818337997,0.3820893072828219,18285.969682656574,8255.0,10479.360874667564,19435.634906724816,7192.25,8.662331957082475,9.275189094199293,8.790502748286844,9.813889360769185
75,4,1,2025,TWIN TUB,5321.696277081019,2910.672982365443,607.0,0.505026455026455,2411.023294715576,0.4472294445347486,7708.147462418717,768.0,5391.728709129296,7462.799382102339,643.75,6.408528791059498,8.579547380589506,7.976139598845492,8.950033160438275
76,4,1,2025,WASHER-DRYER,16621.7168941817,13093.269287455714,6.0,0.3333333333333333,3528.447606725986,0.20091115650059185,30744.18033234306,54.0,16694.362256032393,32402.479231571546,31.25,1.791759469228055,9.718465365973081,9.47985358230073,10.333455997838428
77,5,1,2023,FRONT LOAD,11719.147308505977,8434.65460555328,567.0,3.9095846876128566,3284.492702952696,0.2670204639845049,27796.744922317954,605.0,12399.83387273467,30266.69691149073,696.25,6.340359303727752,9.368979305237282,9.040104046370883,10.232674203698009
78,5,1,2023,LAUNDRY CENTER,21268.66572925446,16160.130113545805,69.0,3.590909090909091,5108.535615708653,0.2412082154470422,39613.99216975249,57.0,19748.26599885956,38817.090666812335,65.5,4.23410650459726,9.96499017605527,9.690302383623477,10.586937672453548
79,5,1,2023,SINGLE TUB,4204.866280329281,2407.0915201321254,1497.0,52.63157894736842,1797.7747601971553,0.4233738980672884,4956.286754373625,888.0,4265.641672554327,5014.4943798973445,1410.75,7.311218384419629,8.343997771741908,7.786174459549693,8.50841210111831
80,5,1,2023,TOP LOAD,10476.090569425927,6991.228485811359,6024.0,30.201927685155596,3484.862083614567,0.3262410473759562,19598.187865138145,5781.0,10669.975991497284,18285.969682656574,6889.25,8.703506769479729,9.256850851010805,8.852411568828915,9.883192385084003
81,5,1,2023,TWIN TUB,5520.652991153489,3262.3555606913396,264.0,3.950980392156863,2258.2974304621494,0.40120687827554924,8105.486544645765,607.0,5321.696277081019,7708.147462418717,606.0,5.575949103146316,8.616251427773602,8.090204778065859,9.000296462552585
82,5,1,2023,WASHER-DRYER,17897.17496063549,14086.359896941092,14.0,0.3125,3810.815063694397,0.2159184128546511,34375.02164147482,6.0,16621.7168941817,30744.18033234306,22.75,2.6390573296152584,9.792398155945234,9.55296222495348,10.44508546453885
83,5,1,2024,FRONT LOAD,11981.907059258525,7795.909023217568,776.0,0.32840755126347504,4185.998036040957,0.34385209439319636,30829.263966999308,567.0,11719.147308505977,27796.744922317954,639.25,6.654152520183219,9.391153045916951,8.961354390884857,10.336219646673682
84,5,1,2024,LAUNDRY CENTER,20253.471858239474,14445.381731751973,88.0,0.1515151515151515,5808.090126487504,0.2806361893031121,36461.46876631385,69.0,21268.66572925446,39613.99216975249,67.5,4.477336814478207,9.916081507628453,9.578130039117582,10.504011331741445
85,5,1,2024,SINGLE TUB,4082.870910437239,2020.3260156402696,1885.0,0.10517992637668094,2062.5448947969694,0.5011869616050659,5100.419812616312,1497.0,4204.866280329281,4956.286754373625,1507.25,7.541683099882111,8.31455567446837,7.611014171253981,8.537078131523902
86,5,1,2024,TOP LOAD,10559.424987532393,6240.841184567131,8351.0,0.29981797708312946,4318.583802965264,0.4135633079878382,19738.379759185882,6024.0,10476.090569425927,19598.187865138145,6587.25,9.03013657115323,9.264774103839471,8.738870257497158,9.890320230550204
87,5,1,2024,TWIN TUB,5334.714442108433,2859.2928817871984,648.0,0.1281862745098039,2475.421560321234,0.4506823992875207,7391.055799276323,264.0,5520.652991153489,8105.486544645765,472.75,6.473890696352274,8.581990636925331,7.958329629113679,8.908025872381112
88,5,1,2024,WASHER-DRYER,16944.9954387963,11515.34535896857,31.0,0.0,5429.650079827729,0.3256552292783637,32693.565776724747,14.0,17897.17496063549,34375.02164147482,21.5,3.4339872044851463,9.737727814864149,9.351435803899566,10.39493357228675
89,5,1,2025,FRONT LOAD,11645.784392696334,8006.831811003792,688.0,0.9636352582369163,3638.9525816925434,0.2790737925844738,29632.660913891068,776.0,11981.907059258525,30829.263966999308,690.5,6.5337888379333435,9.362699538804458,8.988050432607084,10.296632441256673
90,5,1,2025,LAUNDRY CENTER,19577.6044636938,15577.156933912667,80.0,0.47840579710144926,4000.447529781131,0.1329993150186816,38801.25263045628,88.0,20253.471858239474,36461.46876631385,76.5,4.382026634673881,9.882141562516555,9.653560820995807,10.566207809380348
91,5,1,2025,SINGLE TUB,4118.654871008704,2173.8481506477547,1044.0,282.4175925925926,1944.8067203609487,0.4628188573512955,5147.887658738856,1885.0,4082.870910437239,5100.419812616312,1583.5,6.950814768442584,8.323281901415639,7.684254217333559,8.546341746166108
92,5,1,2025,TOP LOAD,10722.878344546338,6591.113979694552,5951.0,34.88871401267523,4131.764364851785,0.3819321849075907,18253.069563234807,8351.0,10559.424987532393,19738.379759185882,7102.75,8.691314551644853,9.280134900874275,8.793477654135565,9.812088540113146
93,5,1,2025,TWIN TUB,5216.820398337457,3073.6216091504843,670.0,8.341318038686461,2143.1987891869735,0.40087986516849106,7808.4102484673485,648.0,5334.714442108433,7391.055799276323,571.75,6.507277712385012,8.559643376195842,8.030611822556498,8.962956668780695
94,5,1,2025,WASHER-DRYER,15298.278233784375,12859.13796251426,10.0,0.06666666666666667,2439.1402712701147,0.0852695773906354,30846.90657066438,31.0,16944.9954387963,32693.565776724747,26.25,2.302585092994046,9.635495567308547,9.461809963080935,10.336791751069674
95,6,2,2023,FRONT LOAD,12263.373895191178,8791.424485078915,528.0,4.632377181641887,3471.949410112264,0.27881742470657744,27643.49974542108,688.0,11645.784392696334,29632.660913891068,659.0,6.269096283706261,9.414372366997231,9.081532035009959,10.227145888730842
96,6,2,2023,LAUNDRY CENTER,21477.42949926829,15721.572856401446,51.0,2.7166666666666663,5755.856642866845,0.2714200046939591,39737.82579265863,80.0,19577.6044636938,38801.25263045628,73.5,3.9318256327243257,9.974757871967808,9.662789115456546,10.59005880380536
97,6,2,2023,SINGLE TUB,4208.650089797016,2396.650558257771,1202.0,21.333333333333332,1811.9995315392453,0.42615896604227105,4960.065111131915,1044.0,4118.654871008704,5147.887658738856,1328.5,7.091742115095153,8.34489723150555,7.781827440852394,8.509174146877148
98,6,2,2023,TOP LOAD,10759.787469070952,7000.207917322206,4557.0,30.200583516454753,3759.579551748745,0.34099205291426243,19777.128151530535,5951.0,10722.878344546338,18253.069563234807,6526.75,8.424419791263883,9.283571081575625,8.85369513007094,9.892281405127624
99,6,2,2023,TWIN TUB,5514.11651639167,3378.0101994588454,282.0,8.653333333333334,2136.1063169328254,0.3784525612205029,8203.128749614309,670.0,5216.820398337457,7808.4102484673485,547.25,5.641907070938114,8.615066722370944,8.125042116741175,9.012270915309823
100,6,2,2023,WASHER-DRYER,16546.494114253295,12918.298990131347,12.0,0.42857142857142855,3628.1951241219494,0.22116575032662125,34841.92468282718,10.0,15298.278233784375,30846.90657066438,15.25,2.4849066497880004,9.713929522368016,9.466400111558459,10.458576672920115
101,6,2,2024,FRONT LOAD,11967.331714610842,8076.925975951587,593.0,0.25524399643323153,3890.4057386592563,0.31133814942666405,30822.50219812425,528.0,12263.373895191178,27643.49974542108,639.75,6.385194398997726,9.389935859301143,8.996766630605398,10.336000293058278
102,6,2,2024,LAUNDRY CENTER,19087.2653900997,14595.172978687291,91.0,0.1174089068825911,4492.092411412409,0.18585369057215712,38563.986405273616,51.0,21477.42949926829,39737.82579265863,72.0,4.51085950651685,9.856776658166462,9.58844613513215,10.560074125260446
103,6,2,2024,SINGLE TUB,4043.6204593135967,2063.3719105296923,1859.0,0.12231026762214249,1980.2485487839047,0.4821062704233146,5078.073095982015,1202.0,4208.650089797016,4960.065111131915,1407.0,7.527793987721444,8.304895722945012,7.632096773376801,8.53268715680104
104,6,2,2024,TOP LOAD,10469.246782117136,6412.900418911014,7827.0,0.255414656073923,4056.3463632061203,0.38615697666369986,19789.132109086415,4557.0,10759.787469070952,19777.128151530535,6220.75,8.965334573804839,9.256197360695754,8.766066931024406,9.892888182611527
105,6,2,2024,TWIN TUB,5252.679343726459,2927.3329833094767,478.0,0.13882722900480948,2325.3463604169815,0.42886347374531203,7612.575408431772,282.0,5514.11651639167,8203.128749614309,466.0,6.169610732491456,8.566493576586787,7.981847042882654,8.937556817838617
106,6,2,2024,WASHER-DRYER,16291.659145385105,11475.560203970046,18.0,0.14285714285714285,4816.098941415056,0.2947146974660896,32405.29207131607,12.0,16546.494114253295,34841.92468282718,16.75,2.8903717578961645,9.69840854695511,9.347974853255199,10.386077023977071
107,6,2,2025,FRONT LOAD,11899.753889563719,8203.445193660424,617.0,1.4196042718430777,3696.308695903297,0.2837183386261913,,593.0,11967.331714610842,30822.50219812425,646.25,6.424869023905388,9.384272997336486,9.012309490584254,
108,6,2,2025,LAUNDRY CENTER,19146.952456573104,14889.061868784474,57.0,0.4928571428571429,4257.890587788628,0.14773549140696102,,91.0,19087.2653900997,38563.986405273616,77.5,4.04305126783455,9.859898841295651,9.608382119582028,
109,6,2,2025,SINGLE TUB,4193.5020485618625,2202.456779205563,1254.0,236.30335097001768,1991.0452693563,0.46617083235570966,,1859.0,4043.6204593135967,5078.073095982015,1497.5,7.134093721192866,8.341291474933197,7.697328734101588,
110,6,2,2025,TOP LOAD,10749.06652507302,6668.080635798531,6236.0,35.19386858508974,4080.985889274488,0.3798426606640609,,7827.0,10469.246782117136,19789.132109086415,6671.5,8.738094230177667,9.282574194908515,8.805087336748755,
111,6,2,2025,TWIN TUB,5391.397843655192,3045.0266920777685,563.0,9.635217113665389,2346.371151577425,0.42890957039099503,,478.0,5252.679343726459,7612.575408431772,519.5,6.333279628139691,8.592559970475955,8.021264945976766,
112,6,2,2025,WASHER-DRYER,16045.449025745655,13048.063947579074,-9.0,0.2222222222222222,2997.385078166579,0.15286697633715948,,18.0,16291.659145385105,32405.29207131607,17.75,,9.683180538552538,9.476395045237574,
113,7,2,2023,FRONT LOAD,12085.995708713584,8708.430290802618,479.0,1.8563795029794148,3377.565417910966,0.2710332419150146,27351.617049342924,617.0,11899.753889563719,,606.5,6.171700597410915,9.399802681858855,9.072046834409093,10.216530930392773
114,7,2,2023,LAUNDRY CENTER,21843.312478502292,16261.7237181769,51.0,0.891156462585034,5581.588760325392,0.25799924030663385,39625.972804409255,57.0,19146.952456573104,,69.75,3.9318256327243257,9.991650088619163,9.696569387211143,10.587240061147233
115,7,2,2023,SINGLE TUB,4041.4141659460875,2306.8539774986157,1267.0,44.1764705882353,1734.5601884474725,0.4189972699208783,4958.251344785381,1254.0,4193.5020485618625,,1339.75,7.144407180321139,8.304349950780875,7.743639960764627,8.508808406103539
116,7,2,2023,TOP LOAD,10453.336404303265,7010.846544801628,5235.0,26.541804941304953,3442.489859501637,0.32536267094293153,19893.52758148569,6236.0,10749.06652507302,,6142.75,8.563122123304638,9.254676479575203,8.855213735191308,9.89814971064673
117,7,2,2023,TWIN TUB,5256.875575275481,3229.150004359785,297.0,6.263888888888889,2027.725570915697,0.3606581325999977,8132.999821703326,563.0,5391.397843655192,,498.25,5.6937321388027,8.567292132149673,8.079974225039985,9.003685116244155
118,7,2,2023,WASHER-DRYER,18851.76895865136,14929.38412029921,9.0,0.125,3922.384838352153,0.21038677925943017,34621.75943069574,-9.0,16045.449025745655,,7.75,2.1972245773362196,9.844362032433372,9.611086638530288,10.45223764866056
119,7,2,2024,FRONT LOAD,11986.971901146619,7904.343076268415,560.0,0.27274962908765726,4082.6288248782034,0.3366990709475577,30980.40999865783,479.0,12085.995708713584,27351.617049342924,554.25,6.327936783729195,9.391575664093784,8.975167643884049,10.341110348184701
120,7,2,2024,LAUNDRY CENTER,19982.594909356365,15551.64723458586,98.0,0.15444444444444444,4430.947674770507,0.20599198860867732,38138.74231465656,51.0,21843.312478502292,39625.972804409255,62.5,4.584967478670572,9.902616919112633,9.651921843481658,10.548985903116646
121,7,2,2024,SINGLE TUB,4131.2139028505035,2064.412454979394,1471.0,0.3269073977993249,2066.8014478711093,0.5002976051520929,5059.201763672103,1267.0,4041.4141659460875,4958.251344785381,1395.5,7.293697720601438,8.32632656597647,7.632600939476385,8.528963995622007
122,7,2,2024,TOP LOAD,10502.212166418087,6341.422774764831,6020.0,0.37643488505641576,4160.789391653255,0.3908521688708846,19664.921724420674,5235.0,10453.336404303265,19893.52758148569,5963.75,8.702842538302868,9.259341196471178,8.754858434678045,9.886591704406458
123,7,2,2024,TWIN TUB,5476.517908010959,2923.629856324609,577.0,0.22064227485610396,2552.8880516863496,0.46538868299868813,7539.434835945508,297.0,5256.875575275481,8132.999821703326,405.0,6.3578422665081,8.608224759732153,7.980581224732438,8.92790250274781
124,7,2,2024,WASHER-DRYER,16197.500635026418,11878.226747580207,21.0,0.0,4319.273887446209,0.2656402147087309,32191.956465290536,9.0,18851.76895865136,34621.75943069574,7.5,3.044522437723423,9.692612227529324,9.382462318104006,10.379471901112899
125,7,2,2025,FRONT LOAD,11891.64505060997,7962.32823618131,539.0,0.7963266198676334,3929.316814428662,0.30443278742674207,,560.0,11986.971901146619,30980.40999865783,562.25,6.289715570908998,9.38359133592699,8.982476728053564,
126,7,2,2025,LAUNDRY CENTER,20110.085716965626,15427.954270213122,63.0,0.45238095238095233,4682.131446752507,0.1636912763115815,,98.0,19982.594909356365,38138.74231465656,74.25,4.143134726391533,9.908976745162667,9.643936355246277,
127,7,2,2025,SINGLE TUB,4193.840155603031,2260.6085618263364,1179.0,186.5859375,1933.231593776695,0.4616302165474651,,1471.0,4131.2139028505035,5059.201763672103,1462.75,7.072421900537371,8.341372098099182,7.723389331162683,
128,7,2,2025,TOP LOAD,10615.441923733486,6598.183088980225,5820.0,20.758730779588767,4017.25883475326,0.37960804328510817,,6020.0,10502.212166418087,19664.921724420674,6329.5,8.669055540725484,9.270065005275807,8.794549600566942,
129,7,2,2025,TWIN TUB,5458.613324826241,3022.6160063928096,417.0,6.569379033664748,2435.9973184334326,0.4440406891648453,,577.0,5476.517908010959,7539.434835945508,478.75,6.0330862217988015,8.604950066671114,8.013877962692968,
130,7,2,2025,WASHER-DRYER,16964.124365554228,14449.328889758617,5.0,0.4,2514.795475795615,0.15140284729105308,,21.0,16197.500635026418,32191.956465290536,9.75,1.6094379124341003,9.738856061713225,9.578403248846719,
131,8,2,2023,FRONT LOAD,12107.98572249342,8600.900936527663,467.0,5.474520166237808,3507.08478596576,0.2808189695499194,28028.651649478466,539.0,11891.64505060997,,548.75,6.1463292576688975,9.401620490961315,9.059622236816002,10.240982539165863
132,8,2,2023,LAUNDRY CENTER,20147.66208822559,16998.015185171185,35.0,0.9107142857142857,3149.646903054401,0.12123153512808807,39534.10728804273,63.0,20110.085716965626,,67.25,3.5553480614894135,9.910843535245128,9.740851862408636,10.584919053955229
133,8,2,2023,SINGLE TUB,4180.2817096354775,2357.965414547194,1360.0,79.33333333333333,1822.3162950882838,0.43178244605988736,4950.7410260693905,1179.0,4193.840155603031,,1292.75,7.215239978730097,8.33813391789752,7.765554413706966,8.507292546594716
134,8,2,2023,TOP LOAD,10880.227469210853,7111.643817179485,5018.0,36.43219780940582,3768.583652031368,0.3404046323290931,20036.46405804506,5820.0,10615.441923733486,,5827.75,8.520786726926367,9.29470242728797,8.869488693990707,9.905309095421362
135,8,2,2023,TWIN TUB,5401.515550250348,3437.068116085092,299.0,25.26923076923077,1964.4474341652565,0.3542380163811041,7908.6451822451145,417.0,5458.613324826241,,463.5,5.700443573390687,8.594434850629199,8.142374095124527,8.975711766982418
136,8,2,2023,WASHER-DRYER,16893.621597464527,14061.0536637727,22.0,1.4285714285714286,2832.56793369183,0.17441574278220934,34554.770225952074,5.0,16964.124365554228,,6.5,3.091042453358316,9.734691409401838,9.55116410308113,10.450300886986733
137,8,2,2024,FRONT LOAD,11860.93990342841,7675.439837378023,594.0,0.18100050317393096,4185.500066050387,0.34821517971340094,31215.352775090818,467.0,12107.98572249342,28028.651649478466,511.25,6.386879319362645,9.381005919279099,8.945780878615066,10.348665328892526
138,8,2,2024,LAUNDRY CENTER,19149.50475827991,14461.398077325975,88.0,0.12698412698412698,4688.106680953933,0.15163526720347822,37261.11680913429,35.0,20147.66208822559,39534.10728804273,61.75,4.477336814478207,9.860032133087959,9.579238176884484,10.525705617113104
139,8,2,2024,SINGLE TUB,4005.809779609476,2122.9801169007005,1603.0,0.1152202133426143,1882.829662708776,0.45454717047995213,4974.723237095622,1360.0,4180.2817096354775,4950.7410260693905,1319.25,7.3796321526095525,8.295501031226546,7.660576096092136,8.512125017310698
140,8,2,2024,TOP LOAD,10364.201670586164,6307.0499773882675,6184.0,0.2417199587621485,4057.1516931978967,0.3879876116873808,20434.37143792278,5018.0,10880.227469210853,20036.46405804506,5523.25,8.729720590267258,9.246113000252443,8.749423330746456,9.924973636431732
141,8,2,2024,TWIN TUB,5319.489827440385,2944.3444357197827,934.0,0.07929011020466581,2375.145391720602,0.4375153162938796,7569.420381007385,299.0,5401.515550250348,7908.6451822451145,397.5,6.839476438228843,8.579132680639598,7.98764146883402,8.931871775601396
142,8,2,2024,WASHER-DRYER,15722.253596061912,12105.362846355345,16.0,0.0,3616.890749706567,0.20544456623222743,32112.606452719996,22.0,16893.621597464527,34554.770225952074,14.25,2.772588722239781,9.662832414236457,9.401403843838686,10.377003956405872
143,8,2,2025,FRONT LOAD,11936.24149667179,8005.64377444079,565.0,1.49804464715179,3930.5977222310007,0.30435008442187844,,594.0,11860.93990342841,31215.352775090818,540.0,6.336825731146441,9.387334554868874,8.987902043738812,
144,8,2,2025,LAUNDRY CENTER,19273.591592888115,15242.192494801191,48.0,0.35357142857142854,4031.3990980869225,0.14814143310378475,,88.0,19149.50475827991,37261.11680913429,71.0,3.871201010907891,9.86649112665099,9.631822683381401,
145,8,2,2025,SINGLE TUB,4222.703822212264,2219.744562160668,1312.0,198.42320261437908,2002.9592600515962,0.47594953557763836,,1603.0,4005.809779609476,4974.723237095622,1403.25,7.179307969504034,8.348230918023132,7.705147406156386,
146,8,2,2025,TOP LOAD,10451.733565244043,6564.044595595521,5840.0,24.86356967205735,3887.688969648522,0.37572129615505695,,6184.0,10364.201670586164,20434.37143792278,5760.5,8.672486075822272,9.254523135045412,8.789362246153313,
147,8,2,2025,TWIN TUB,5203.451467483439,3001.2780827495803,584.0,9.468541324575808,2202.173384733859,0.40811380214096116,,934.0,5319.489827440385,7569.420381007385,556.75,6.369900982828227,8.557077428135877,8.006793504509456,
148,8,2,2025,WASHER-DRYER,16322.159531462017,13836.5498418425,7.0,0.0,2485.6096896195177,0.15446075834459633,,16.0,15722.253596061912,32112.606452719996,16.0,1.9459101490553132,9.70027894399576,9.535068909209809,
149,9,2,2023,FRONT LOAD,12376.52812654282,8518.10588337663,629.0,8.648348759793771,3858.4222431661883,0.3086637159899328,28090.11297890136,565.0,11936.24149667179,,541.25,6.444131256700441,9.423557064786406,9.049949280950234,10.243172942123001
150,9,2,2023,LAUNDRY CENTER,20838.47604186097,16352.154864086,102.0,1.4000000000000001,4486.32117777497,0.2147875381251473,39436.16631932169,48.0,19273.591592888115,,58.5,4.624972813284271,9.944556366603258,9.702114963609636,10.582438601135113
151,9,2,2023,SINGLE TUB,4186.88835629081,2342.371014803771,1724.0,63.05555555555556,1844.5173414870396,0.43674173045159165,4964.971952598782,1312.0,4222.703822212264,,1363.5,7.452402451223638,8.339713101295553,7.758918949545867,8.510162927439909
152,9,2,2023,TOP LOAD,10656.138720164887,7146.650131100135,5824.0,50.28195397232387,3509.488589064753,0.323598557949167,20037.588365632997,5840.0,10451.733565244043,,5715.5,8.669742589876522,9.273891410728929,8.874399012768635,9.90536520692096
153,9,2,2023,TWIN TUB,5334.759990458788,3332.224109198081,459.0,19.166666666666668,2002.5358812607074,0.36564295729112056,7910.971399834701,584.0,5203.451467483439,,558.5,6.129050210060545,8.581999174993564,8.111395260688193,8.976005859774652
154,9,2,2023,WASHER-DRYER,16785.84285500951,14523.045640518365,56.0,0.7916666666666666,2262.7972144911437,0.1380777516204404,33977.91990024076,7.0,16322.159531462017,,12.5,4.02535169073515,9.728291122929079,9.58349202123995,10.433466177938433
155,9,2,2024,FRONT LOAD,11579.554166054333,7830.4110497357005,868.0,0.3699138114805231,3749.143116318634,0.3199698406761537,31193.876956503824,629.0,12376.52812654282,28090.11297890136,563.75,6.7661917146603505,9.356996250045098,8.965770284380339,10.347977103143641
156,9,2,2024,LAUNDRY CENTER,20293.63397858889,14622.751179164537,163.0,0.14285714285714285,5670.882799424351,0.2786669087334823,37097.693266986265,102.0,20838.47604186097,39436.16631932169,68.25,5.093750200806762,9.918062518734173,9.590333894749715,10.521310070570498
157,9,2,2024,SINGLE TUB,3919.402117168482,2127.9923472009723,1950.0,0.21409382416805536,1791.4097699675099,0.43760685763799323,4944.256173765413,1724.0,4186.88835629081,4964.971952598782,1499.75,7.575584651557793,8.273694400021489,7.662934254214924,8.505981812877172
158,9,2,2024,TOP LOAD,10341.250105360446,6429.502043749962,7202.0,0.5847526912267128,3911.7480616104854,0.373936525306646,20449.575675867512,5824.0,10656.138720164887,20037.588365632997,5716.5,8.882114044208821,9.243896040692759,8.768652371581188,9.925717411909345
159,9,2,2024,TWIN TUB,5270.430718843713,2910.2062733309813,1102.0,0.25374681425691353,2360.2244455127316,0.43544291236293775,7472.005948326176,459.0,5334.759990458788,7910.971399834701,569.0,7.004881989712859,8.569867368526541,7.975979241959544,8.918918775990559
160,9,2,2024,WASHER-DRYER,15824.662423913318,13169.10780155841,40.0,0.0,2655.5546223549077,0.16670858620726187,31785.16693660961,56.0,16785.84285500951,33977.91990024076,25.25,3.6888794541139363,9.669324914962628,9.485629047686162,10.366755011413021
161,9,2,2025,FRONT LOAD,11654.22018921981,7957.872865853157,646.0,1.1714330207287953,3696.347323366653,0.2927547070991449,30294.895270779863,868.0,11579.554166054333,31193.876956503824,664.0,6.470799503782602,9.36342364139958,8.981917015218794,10.318734504392749
162,9,2,2025,LAUNDRY CENTER,19187.99673300385,14858.733251733913,110.0,0.19,4329.263481269937,0.18593561268085163,38884.726521028504,163.0,20293.63397858889,37097.693266986265,100.25,4.700480365792417,9.862040192359476,9.606343069128988,10.5683568180846
163,9,2,2025,SINGLE TUB,4148.158761857016,2220.209918519638,1552.0,214.5718954248366,1927.948843337378,0.4554583897692149,5059.001833837196,1950.0,3919.402117168482,4944.256173765413,1647.25,7.347299700743164,8.330419842931589,7.705357028287739,8.528924476781928
164,9,2,2025,TOP LOAD,10497.992045581945,6644.924604917806,6204.0,56.49969784453103,3853.067440664138,0.3674252589537638,19313.574269631838,7202.0,10341.250105360446,20449.575675867512,6262.5,8.73294952429643,9.258939284104008,8.801608624945702,9.86856345770506
165,9,2,2025,TWIN TUB,5186.267228241025,3002.8809398998496,616.0,9.43737799467613,2183.3862883411743,0.40632452349764714,7624.63188226935,1102.0,5270.430718843713,7472.005948326176,769.75,6.423246963533519,8.553769493548723,8.007327420144367,8.939139322575038
166,9,2,2025,WASHER-DRYER,14690.886500169616,13882.268769374,20.0,0.32,808.6177307956139,0.007985122780707898,30788.659066037813,40.0,15824.662423913318,31785.16693660961,29.75,2.995732273553991,9.5949826145336,9.53836767671009,10.3349016890133
167,10,3,2023,FRONT LOAD,12342.206821733977,8743.574281301542,531.0,8.162321012321012,3598.632540432435,0.2867398726245455,28145.11007080577,646.0,11654.22018921981,30294.895270779863,677.0,6.274762021241939,9.420780116294809,9.07607434172025,10.245128908738081
168,10,3,2023,LAUNDRY CENTER,20596.515674804272,15244.639412918183,74.0,10.851851851851853,5351.876261886087,0.26034092470611614,39458.8828285906,110.0,19187.99673300385,38884.726521028504,105.75,4.30406509320417,9.93287719847176,9.631983206333057,10.583014467685473
169,10,3,2023,SINGLE TUB,4137.612465949399,2351.1252614379405,1725.0,9.473684210526315,1786.487204511458,0.4244940158697166,4973.553751180349,1552.0,4148.158761857016,5059.001833837196,1634.5,7.45298232946546,8.327874201418465,7.762649327187917,8.511889904049973
170,10,3,2023,TOP LOAD,10987.51839976285,7226.290374193674,4764.0,38.37627232702558,3761.228025569176,0.3317932328356811,20119.14005225852,6204.0,10497.992045581945,19313.574269631838,6267.5,8.46884293047519,9.304515216600707,8.885481095538134,9.90942688235883
171,10,3,2023,TWIN TUB,5312.905201918792,3198.8185763711044,444.0,12.397129186602871,2114.086625547688,0.38679067232107567,8017.49549974032,616.0,5186.267228241025,7624.63188226935,690.25,6.095824562432225,8.577894083626372,8.070536825734578,8.989381370262546
172,10,3,2023,WASHER-DRYER,15978.03900026986,14207.333386653037,38.0,0.3333333333333333,1770.7056136168235,0.004604201196949631,33807.339057195386,20.0,14690.886500169616,30788.659066037813,30.75,3.6375861597263857,9.678970495912075,9.561513545962132,10.428433189771084
173,10,3,2024,FRONT LOAD,11597.309768520801,7732.343748584224,819.0,0.3005768000730994,3864.9660199365785,0.32717649657895004,31445.155993798897,531.0,12342.206821733977,28145.11007080577,668.5,6.70808408385307,9.358528433690838,8.953167297253115,10.356000227811185
174,10,3,2024,LAUNDRY CENTER,20314.09901492748,14968.734056944173,84.0,0.2222222222222222,5345.364957983308,0.26293862732629814,37549.38408231123,74.0,20596.515674804272,39458.8828285906,112.25,4.430816798843313,9.91907045670867,9.613718908503435,10.533412254456191
175,10,3,2024,SINGLE TUB,4036.675908982425,2099.9962961320434,1927.0,0.2241021890692799,1936.6796128503815,0.4724634058427869,4960.748975726508,1725.0,4137.612465949399,4973.553751180349,1737.75,7.563719668414366,8.30317683746743,7.649690859963313,8.50931201148981
176,10,3,2024,TOP LOAD,10309.35596984136,6316.851845974948,6945.0,0.4170404447560888,3992.5041238664116,0.38136453261754594,20379.74156334513,4764.0,10987.51839976285,20119.14005225852,5998.5,8.845777255188445,9.240807108507159,8.750976237398238,9.922296625800588
177,10,3,2024,TWIN TUB,5285.173389158139,2959.9327206601038,970.0,0.2175178687459389,2325.240668498035,0.42768289134733245,7698.720480817991,444.0,5312.905201918792,8017.49549974032,655.25,6.877296071497429,8.572660705553902,7.992921817553065,8.948809422711452
178,10,3,2024,WASHER-DRYER,16125.632096143258,12195.443483777657,10.0,0.16666666666666666,3930.188612365599,0.23917861343394317,31215.776480959066,38.0,15978.03900026986,33807.339057195386,38.5,2.302585092994046,9.688165340656505,9.40881767602222,10.348678902437431
179,10,3,2025,FRONT LOAD,11562.336485982314,7910.605217572102,654.0,1.0673190943043884,3651.7312684102126,0.30450207212327546,30261.624795683852,819.0,11597.309768520801,31445.155993798897,716.0,6.483107351457199,9.355508239967804,8.975959570802127,10.317635680404612
180,10,3,2025,LAUNDRY CENTER,19138.646100053535,14561.94852636822,97.0,0.09090909090909091,4576.697573685315,0.18635674898225532,39341.60845761081,84.0,20314.09901492748,37549.38408231123,107.75,4.574710978503383,9.85946492583067,9.58616714015705,10.580037977167503
181,10,3,2025,SINGLE TUB,4116.944911504154,2146.754896821868,1967.0,179.69444444444446,1970.190014682286,0.4761384780068602,5095.422176923061,1927.0,4036.675908982425,4960.748975726508,1788.5,7.584264818389059,8.322866640942989,7.671712630589642,8.536097803249175
182,10,3,2025,TOP LOAD,10306.630686021359,6412.925211474448,6168.0,54.41445217377152,3893.705474546912,0.37954191100633167,19800.519832380476,6945.0,10309.35596984136,20379.74156334513,6278.75,8.727129915243166,9.240542723020171,8.766070797062218,9.893463470498622
183,10,3,2025,TWIN TUB,5267.956137656462,2972.073933126335,706.0,13.506887052341597,2295.882204530127,0.4207770009856073,7659.479980474275,970.0,5285.173389158139,7698.720480817991,783.0,6.559615237493242,8.569397736643326,7.997015282084874,8.943699372763621
184,10,3,2025,WASHER-DRYER,15950.013464993765,13754.677707219485,44.0,0.0,2195.33575777428,0.13834169904731586,29997.53728558723,10.0,16125.632096143258,31215.776480959066,27.0,3.784189633918261,9.67721495241287,9.529134242129567,10.308870566794258
185,11,3,2023,FRONT LOAD,11912.334542947008,8403.56088155791,408.0,7.455059523809524,3508.7736613890984,0.2872845509641806,28238.011855076755,654.0,11562.336485982314,30261.624795683852,662.5,6.0112671744041615,9.385329658501634,9.03641080947623,10.24842428739645
186,11,3,2023,LAUNDRY CENTER,20769.54548311639,16299.821255541247,59.0,8.083333333333334,4469.724227575144,0.21306042303368422,39481.60418793128,97.0,19138.646100053535,39341.60845761081,91.25,4.07753744390572,9.94124303329496,9.698909420817012,10.583590125648247
187,11,3,2023,SINGLE TUB,4291.536519690749,2341.380540661808,1291.0,74.06666666666666,1950.1559790289407,0.45725516489951556,4957.780005613214,1967.0,4116.944911504154,5095.422176923061,1792.75,7.1631723908466425,8.364400110895048,7.758496009026927,8.5087133400119
188,11,3,2023,TOP LOAD,10947.821774876422,7281.936753943001,3828.0,36.057730864519115,3665.885020933422,0.32252986063353095,20002.708389973577,6168.0,10306.630686021359,19800.519832380476,6020.25,8.250097752572845,9.30089579078769,8.89315214343853,9.903622962866415
189,11,3,2023,TWIN TUB,5344.21505933243,3317.987634096186,426.0,13.222549019607843,2026.2274252362447,0.36852566727903624,7918.904874610003,706.0,5267.956137656462,7659.479980474275,684.0,6.054439346269371,8.583769957545302,8.107113743828492,8.977008201839995
190,11,3,2023,WASHER-DRYER,16504.165521045354,13733.882870795771,21.0,0.0,2770.282650249581,0.14400881260872497,33118.194970548844,44.0,15950.013464993765,29997.53728558723,28.0,3.044522437723423,9.711368083847994,9.527621260732705,10.407838107332537
191,11,3,2024,FRONT LOAD,11859.967622126669,7877.964401596756,578.0,0.32451639584834174,3982.0032205299126,0.3284090918917782,31622.005736808045,408.0,11912.334542947008,28238.011855076755,603.0,6.359573868672378,9.380923942541807,8.971824824809897,10.361608541288328
192,11,3,2024,LAUNDRY CENTER,20432.219412370203,14806.031133292308,94.0,0.7083333333333334,5626.188279077894,0.2734948615619813,37607.78604393871,59.0,20769.54548311639,39481.60418793128,78.5,4.543294782270004,9.924868316878042,9.6027898857492,10.534966383577453
193,11,3,2024,SINGLE TUB,4156.7424117877,2161.821448209755,1632.0,0.1609998642599118,1994.9209635779443,0.47555357422976796,4926.889079984267,1291.0,4291.536519690749,4957.780005613214,1727.5,7.397561535524052,8.332486972403144,7.678706408391741,8.502463049602152
194,11,3,2024,TOP LOAD,10455.05051967304,6441.878958528341,5137.0,0.4243955318161286,4013.171561144697,0.37798943301309407,20393.20193975331,3828.0,10947.821774876422,20002.708389973577,5426.25,8.544224530467268,9.25484044395752,8.770575540290272,9.922956886048718
195,11,3,2024,TWIN TUB,5312.428545798555,2989.8552272597217,859.0,0.14485842026825632,2322.5733185388335,0.4258546541813433,7620.090968276792,426.0,5344.21505933243,7918.904874610003,636.5,6.755768921984255,8.577804362939592,8.002980246235813,8.938543586703501
196,11,3,2024,WASHER-DRYER,16565.193767370263,11535.737820806782,4.0,0.0,5029.45594656348,0.30267356790281114,31029.659642017625,21.0,16504.165521045354,33118.194970548844,28.25,1.3862943611198906,9.715059012061916,9.353205132221285,10.342698788707363
197,11,3,2025,FRONT LOAD,11870.561109435748,7938.391960453442,476.0,1.5393713077046411,3932.169148982306,0.3116061630742767,29829.614685977318,578.0,11859.967622126669,31622.005736808045,614.75,6.16541785423142,9.381816757711043,8.97946600985809,10.303256960428296
198,11,3,2025,LAUNDRY CENTER,19717.643326603233,15236.936930665775,96.0,0.32857142857142857,4480.706395937455,0.1988186507692507,39228.416550620525,94.0,20432.219412370203,37607.78604393871,83.5,4.564348191467836,9.889269114250583,9.631477820238223,10.577156675162382
199,11,3,2025,SINGLE TUB,4241.542757245549,2253.39954650394,1810.0,198.29166666666669,1988.143210741609,0.4707058548828607,5040.016674241204,1632.0,4156.7424117877,4926.889079984267,1704.25,7.501082124259871,8.352682339886723,7.720195264480352,8.525164669441132
200,11,3,2025,TOP LOAD,10565.237857340997,6593.990160037288,5929.0,73.47920805324718,3971.24769730371,0.3771178339759628,19422.537810269103,5137.0,10455.05051967304,20393.20193975331,5519.5,8.687610843707368,9.26532444350624,8.793913931370522,9.874189413547825
201,11,3,2025,TWIN TUB,5353.106483822295,2882.9676022293743,379.0,18.244588744588743,2470.1388815929204,0.454714444564509,7640.446276622347,859.0,5312.428545798555,7620.090968276792,740.25,5.937536205082426,8.58543232255912,7.9665754600550995,8.941211293625047
202,11,3,2025,WASHER-DRYER,16325.012877408162,12663.02774555984,14.0,0.0,3661.985131848322,0.22401509532073569,29689.852067566182,4.0,16565.193767370263,31029.659642017625,19.75,2.6390573296152584,9.700453742959523,9.4464418255214,10.298560585177732
203,12,3,2023,FRONT LOAD,11937.714202867191,8621.016714063468,366.0,6.716227046374105,3316.697488803724,0.2630796126675332,28074.20272186183,476.0,11870.561109435748,29829.614685977318,529.0,5.902633333401366,9.38745792832368,9.061958304969613,10.242606381050669
204,12,3,2023,LAUNDRY CENTER,21303.034697026007,16335.498543971149,54.0,7.939393939393939,4967.536153054857,0.23589279728617615,39860.211157461774,96.0,19717.643326603233,39228.416550620525,86.5,3.9889840465642745,9.966604815587834,9.701095843555436,10.59313389123047
205,12,3,2023,SINGLE TUB,4106.918588127278,2350.96956432566,1467.0,78.3529411764706,1755.949023801617,0.4114690690264857,4959.037765030238,1810.0,4241.542757245549,5040.016674241204,1675.0,7.2909747781429814,8.320428291049415,7.762583102614357,8.508967001912897
206,12,3,2023,TOP LOAD,10360.930834414346,6854.609656808257,3894.0,27.93129387303066,3506.3211776060893,0.32366384417166894,19913.357673751303,5929.0,10565.237857340997,19422.537810269103,5265.5,8.267192185932146,9.245797360659,8.832676647531676,9.899146025418853
207,12,3,2023,TWIN TUB,5284.992838392934,3238.161390958052,488.0,2.5042372881355934,2046.831447434881,0.37525545321592196,7997.308551803016,379.0,5353.106483822295,7640.446276622347,592.5,6.1903154058531475,8.572626543221666,8.082760975786716,8.986860333031737
208,12,3,2023,WASHER-DRYER,17186.035000242307,14000.561747860002,18.0,0.0,3185.473252382307,0.19245155906131534,33926.84247031361,14.0,16325.012877408162,29689.852067566182,20.75,2.8903717578961645,9.751852414426564,9.54685273263956,10.431961793333373
209,12,3,2024,FRONT LOAD,11741.98687510513,7812.735391794812,501.0,0.3097681869849389,3929.251483310319,0.32709121004869235,31975.850334945113,366.0,11937.714202867191,28074.20272186183,457.0,6.2166061010848646,9.37092631885014,8.96351042374049,10.372736219836833
210,12,3,2024,LAUNDRY CENTER,20218.952720080815,14518.105760754785,77.0,0.5214285714285715,5700.846959326029,0.28114714797086726,36739.830988812,54.0,21303.034697026007,39860.211157461774,75.75,4.343805421853684,9.914375696973984,9.583151822620207,10.51161675856289
211,12,3,2024,SINGLE TUB,4202.653946694539,2135.1717714569863,1786.0,0.32077967281587194,2067.4821752375524,0.48625355214339305,4896.337192590207,1467.0,4106.918588127278,4959.037765030238,1550.0,7.487733761436444,8.343471496781856,7.666302377441376,8.496242692856242
212,12,3,2024,TOP LOAD,10399.950546067617,6375.0281638329,5393.0,0.4105524995346165,4024.922382234718,0.38864269759641845,20300.248157567163,3894.0,10360.930834414346,19913.357673751303,4697.0,8.592857095337227,9.249556329932352,8.760143787873009,9.918388389465857
213,12,3,2024,TWIN TUB,5485.166003681706,2894.8290010562505,719.0,0.2115079365079365,2590.337002625455,0.47070869877508237,7617.971905178759,488.0,5284.992838392934,7997.308551803016,538.0,6.577861357721047,8.609802637279923,7.970681321269913,8.938265459079368
214,12,3,2024,WASHER-DRYER,16765.9754904081,12292.915832356513,-2.0,0.0,4473.059658051584,0.2684551010205276,31638.048176685694,18.0,17186.035000242307,33926.84247031361,14.25,,9.727106843333923,9.416778426849508,10.362115731504874
215,12,3,2025,FRONT LOAD,12131.65938916146,8225.919362858034,438.0,1.697247314159079,3905.740026303426,0.29604417729841553,30137.231802154005,501.0,11741.98687510513,31975.850334945113,480.25,6.082218910376446,9.403573793007283,9.015045346026303,10.313516623309356
216,12,3,2025,LAUNDRY CENTER,19288.534904204775,14486.934721482889,59.0,0.0,4801.600182721886,0.15326184671960424,38565.73481413723,77.0,20218.952720080815,36739.830988812,80.25,4.07753744390572,9.867266151963236,9.581002468524934,10.56011946209912
217,12,3,2025,SINGLE TUB,4256.518372479444,2214.570970376505,1390.0,205.07253086419755,2041.9474021029387,0.4840025285465186,5024.356146044852,1786.0,4202.653946694539,4896.337192590207,1673.75,7.237059026124737,8.356206821649684,7.702813970886079,8.52205259457758
218,12,3,2025,TOP LOAD,10549.670349427532,6582.412057563978,6114.0,88.44798464486408,3967.258291863553,0.3774092396947068,19424.82992650429,5393.0,10399.950546067617,20300.248157567163,5088.25,8.71833650245078,9.263849891916271,8.792156531245363,9.874307419805206
219,12,3,2025,TWIN TUB,5539.3607657398215,2911.523989825077,328.0,20.93392857142857,2627.836775914744,0.47679822574845315,7691.952299994425,719.0,5485.166003681706,7617.971905178759,611.25,5.793013608384144,8.61963438783842,7.976431930922115,8.947929905440668
220,12,3,2025,WASHER-DRYER,16157.262291878684,12659.976824049168,9.0,0.0,3497.285467829518,0.2159645034282053,29847.68423530572,-2.0,16765.9754904081,31638.048176685694,8.5,2.1972245773362196,9.690124905091876,9.446200865052665,10.3038625357545
221,13,3,2023,FRONT LOAD,12081.266186095847,8776.063610362084,388.0,32.73789682539683,3305.2025757337647,0.2555728083029197,28104.553863606667,438.0,12131.65938916146,30137.231802154005,445.25,5.961005339623274,9.399411282725705,9.079783250146903,10.243686901394748
222,13,3,2023,LAUNDRY CENTER,21491.148237875346,16668.605790079204,40.0,8.266666666666667,4822.542447796141,0.2229620529309895,39774.61467533802,59.0,19288.534904204775,38565.73481413723,71.5,3.6888794541139363,9.975396419473714,9.721282336379092,10.59098416554971
223,13,3,2023,SINGLE TUB,4159.290014578484,2412.568391259158,1382.0,334.35526315789474,1746.7216233193267,0.41833969818886346,5006.184579217726,1390.0,4256.518372479444,5024.356146044852,1613.25,7.231287004327616,8.33309966911712,7.788447181519783,8.518429342909608
224,13,3,2023,TOP LOAD,10625.645810518425,7075.362293521626,3707.0,145.4601142885453,3550.283516996798,0.31831967051835663,19680.288882869478,6114.0,10549.670349427532,19424.82992650429,5332.5,8.217978203150732,9.271025774111896,8.86437392876527,9.887372849506104
225,13,3,2023,TWIN TUB,5398.689726551079,3329.693151374548,510.0,19.451946975973488,2068.9965751765303,0.3735341933449633,8027.340180308217,328.0,5539.3607657398215,7691.952299994425,478.5,6.234410725718371,8.593911559878453,8.110635431994348,8.990608516741279
226,13,3,2023,WASHER-DRYER,17327.897812818028,13849.976412462915,9.0,0.125,3477.921400355111,0.20370512736233382,34206.627130629844,9.0,16157.262291878684,29847.68423530572,9.75,2.1972245773362196,9.760073071994507,9.536038808542765,10.440174680028012
227,13,3,2024,FRONT LOAD,11845.33876723026,7918.945550699587,478.0,0.3141125541125541,3926.3932165306733,0.32523997454541803,32014.831213572026,388.0,12081.266186095847,28104.553863606667,423.25,6.169610732491456,9.379689716203352,8.977013338406952,10.37395454983443
228,13,3,2024,LAUNDRY CENTER,20169.3269276016,15041.48409150883,84.0,0.32887700534759357,5127.842836092771,0.24864973168069057,36760.232725984795,40.0,21491.148237875346,39774.61467533802,57.5,4.430816798843313,9.911918260416336,9.618567268932775,10.512171907406731
229,13,3,2024,SINGLE TUB,4182.718404558767,2186.0798021498017,1670.0,0.27708860759493675,1996.6386024089659,0.47091605027432765,4915.964728930631,1382.0,4159.290014578484,5006.184579217726,1506.25,7.4205789054108005,8.338716650160816,7.689865174085618,8.500243295910519
230,13,3,2024,TOP LOAD,10473.21700418043,6439.587755807528,6447.0,0.39602872020867724,4033.6292483729026,0.3866068516167612,20066.141181641735,3707.0,10625.645810518425,19680.288882869478,4777.0,8.77137018531062,9.256576515904174,8.77021980397611,9.906789155324542
231,13,3,2024,TWIN TUB,5459.678011635796,2833.427770058919,677.0,0.17984601449275364,2626.2502415768768,0.480612318964825,7590.7161041283125,510.0,5398.689726551079,8027.340180308217,511.25,6.517671272912275,8.605145094772144,7.949242483863876,8.93468121430915
232,13,3,2024,WASHER-DRYER,15811.269667005898,11904.394734187465,14.0,0.0,3906.8749328184304,0.23404860159349766,31307.21667399267,9.0,17327.897812818028,34206.627130629844,8.5,2.6390573296152584,9.668478234822526,9.384662916317073,10.3516039146166
233,13,3,2025,FRONT LOAD,12155.174596136083,8062.498094694551,427.0,2.0235577971025807,4092.676501441534,0.3296785235541124,29975.642007056893,478.0,11845.33876723026,32014.831213572026,451.25,6.056784013228625,9.405510250788243,8.994978724787044,10.308140397749984
234,13,3,2025,LAUNDRY CENTER,20880.723041355013,15039.446578371817,99.0,0.11363636363636363,5841.276462983194,0.27416192376274984,38589.441887177396,84.0,20169.3269276016,36760.232725984795,65.0,4.59511985013459,9.94658166981441,9.618431800176008,10.56073399179887
235,13,3,2025,SINGLE TUB,4131.693296417343,2163.2812865965197,1322.0,312.0570436507937,1968.412009820823,0.47056891378404003,5050.525108283372,1670.0,4182.718404558767,4915.964728930631,1557.0,7.186901020411631,8.32644260106093,7.67938146215657,8.52724749870196
236,13,3,2025,TOP LOAD,10564.893521257907,6529.521148753547,6234.0,108.1892439197602,4035.372372504361,0.3775754910172195,19361.259360590997,6447.0,10473.21700418043,20066.141181641735,5415.25,8.737773460327283,9.265291851557146,8.784088888609737,9.871029408332237
237,13,3,2025,TWIN TUB,5463.536524130925,2952.1376865154543,330.0,19.49025974025974,2511.39883761547,0.4576354317544915,7629.451045974838,677.0,5459.678011635796,7590.7161041283125,558.5,5.799092654460526,8.605851574104392,7.990284826406198,8.939771174897919
238,13,3,2025,WASHER-DRYER,16438.81500028269,13126.899639755,18.0,0.08333333333333333,3311.91536052769,0.18392568921925015,29766.9521695388,14.0,15811.269667005898,31307.21667399267,7.5,2.8903717578961645,9.707400585737487,9.482418811444328,10.30115406951237
239,14,3,2025,FRONT LOAD,12186.609543358385,8197.967417651667,426.0,2.38979011579818,3988.642125706717,0.3143684833252816,30429.57616580572,427.0,12155.174596136083,29975.642007056893,432.75,6.054439346269371,9.408093049527809,9.011641526629898,10.323170314624637
240,14,3,2025,LAUNDRY CENTER,19526.66812042993,14571.874491537032,104.0,0.4188034188034188,4954.793628892897,0.23148581087409303,38198.33031533494,99.0,20880.723041355013,38589.441887177396,70.5,4.6443908991413725,9.879536406163762,9.586848545103237,10.550547084616754
241,14,3,2025,SINGLE TUB,4280.399141429672,2223.5500513725924,1174.0,282.74470899470896,2056.849090057081,0.48544561138830644,5022.48780739425,1322.0,4131.693296417343,5050.525108283372,1441.0,7.068172000388042,8.361801541571028,7.706860319871717,8.521680669089179
242,14,3,2025,TOP LOAD,10745.274968176422,6675.616815562058,6415.0,105.57504755093356,4069.6581526143627,0.38171102668904194,19301.07566722931,6234.0,10564.893521257907,19361.259360590997,5625.5,8.766394277049736,9.282221399086682,8.806216885824979,9.867916107393224
243,14,3,2025,TWIN TUB,5488.728452531203,3016.9539687630772,309.0,15.168956043956042,2471.7744837681266,0.44781509066357383,7635.888031339847,330.0,5463.536524130925,7629.451045974838,461.25,5.733341276897746,8.610451896116675,8.012002981754991,8.940614521477242
244,14,3,2025,WASHER-DRYER,18013.60750021202,14208.6683949675,9.0,0.0,3804.939105244518,0.21544593042349203,29455.86705996051,18.0,16438.81500028269,29766.9521695388,12.5,2.1972245773362196,9.798882723509223,9.561607507690155,10.290648390289146
245,14,4,2023,FRONT LOAD,12443.19160528212,9290.680616009977,404.0,10.248500457875457,3152.5109892721453,0.24106444778851782,27796.95701882694,426.0,12186.609543358385,30429.57616580572,429.75,6.0014148779611505,9.428928893297442,9.136767092419198,10.232681833933146
246,14,4,2023,LAUNDRY CENTER,21536.51506007791,16808.612291274138,41.0,10.25,4727.902768803771,0.21830248088981544,39015.737315424965,104.0,19526.66812042993,38198.33031533494,81.75,3.713572066704308,9.977505148395368,9.729646670423573,10.57172036462745
247,14,4,2023,SINGLE TUB,4178.9325416131205,2351.619930237334,1356.0,120.85714285714286,1827.3126113757867,0.43657064300571646,4948.856213415794,1174.0,4280.399141429672,5022.48780739425,1387.0,7.212294468500341,8.337811120085783,7.762859701673906,8.506911760865604
248,14,4,2023,TOP LOAD,10657.117417441226,7014.385294708272,4170.0,39.063744152092475,3642.7321227329544,0.3330189976406313,19746.94989804789,6415.0,10745.274968176422,19301.07566722931,5700.75,8.335671314792847,9.27398325003032,8.855718361428112,9.890754322860992
249,14,4,2023,TWIN TUB,5378.1617022259925,3275.31047050907,373.0,24.964769647696478,2102.8512317169225,0.381567295328906,8069.662675911422,309.0,5488.728452531203,7635.888031339847,456.5,5.921578419643816,8.590101903730085,8.094167943731543,8.995866960627215
250,14,4,2023,WASHER-DRYER,18101.19708350295,14502.899709404632,16.0,0.0,3598.2973740983143,0.20130756807774014,34639.569390467,9.0,18013.60750021202,29455.86705996051,12.5,2.772588722239781,9.803733352277057,9.582103888374279,10.452751931607969
251,14,4,2024,FRONT LOAD,12185.891741601425,8171.8796536305335,437.0,0.3091691370223979,4014.012087970891,0.31935593377236043,31981.6563258712,404.0,12443.19160528212,27796.95701882694,433.75,6.07993319509559,9.408034146935186,9.008454229156355,10.372917777600579
252,14,4,2024,LAUNDRY CENTER,20709.55427281113,15175.548136866766,57.0,0.40606060606060607,5534.006135944364,0.2689910279665384,36728.62516633295,41.0,21536.51506007791,39015.737315424965,82.0,4.04305126783455,9.938350431840838,9.627440736320935,10.511311707302735
253,14,4,2024,SINGLE TUB,4226.180548262798,2173.5943507063566,1656.0,0.3777385987129677,2052.5861975564417,0.4810039879786971,4908.108545822542,1356.0,4178.9325416131205,4948.856213415794,1380.5,7.412160334945205,8.349053920468029,7.684137459059421,8.498643921687007
254,14,4,2024,TOP LOAD,10441.979371631198,6349.805675153152,6193.0,0.5339549886065227,4092.173696478045,0.3916054095983193,19737.830576952267,4170.0,10657.117417441226,19746.94989804789,5816.5,8.731174900938061,9.253589438449604,8.75617948908039,9.890292407097599
255,14,4,2024,TWIN TUB,5608.287221869046,2905.575028589975,556.0,0.222473604826546,2702.7121932790715,0.48629153966685645,7518.827997935766,373.0,5378.1617022259925,8069.662675911422,422.25,6.320768294250582,8.632000643856019,7.974386594134765,8.925165553459475
256,14,4,2024,WASHER-DRYER,17223.651294854877,12393.604509334804,4.0,0.0,4830.046785520072,0.2862979820420767,30887.1870577037,16.0,18101.19708350295,34639.569390467,14.25,1.3862943611198906,9.754038793533574,9.42493585316419,10.33809671856456
257,15,4,2023,FRONT LOAD,11762.089799470476,8829.865881023923,480.0,9.316941591451394,2932.223918446554,0.24324934357192632,27896.51405370491,437.0,12185.891741601425,31981.6563258712,423.5,6.173786103901937,9.37263690970173,9.085895104470639,10.236257015691614
258,15,4,2023,LAUNDRY CENTER,21998.349927833984,16079.59894860337,40.0,14.288888888888888,5918.750979230613,0.27117403189885436,38728.07627643624,57.0,20709.55427281113,36728.62516633295,75.25,3.6888794541139363,9.998722726247292,9.685306601414672,10.564320101159943
259,15,4,2023,SINGLE TUB,4164.711357340231,2320.652833873333,1442.0,74.5125,1844.0585234668981,0.4422142080040626,4973.437254735084,1656.0,4226.180548262798,4908.108545822542,1377.0,7.273786317844895,8.334402250240323,7.749603818987434,8.511866480595542
260,15,4,2023,TOP LOAD,10380.858546953938,6871.039101974817,4502.0,44.38843800905851,3509.8194449791213,0.328049893670917,19825.219138174856,6193.0,10441.979371631198,19737.830576952267,5753.0,8.412277021466677,9.247718864952054,8.835070625885908,9.894710100069945
261,15,4,2023,TWIN TUB,5616.411843532731,3277.1325872763323,387.0,21.6131221719457,2339.2792562563986,0.413780688300602,8211.792658910834,556.0,5608.287221869046,7518.827997935766,392.0,5.958424693029782,8.633448276979225,8.094724107836491,9.013326529270492
262,15,4,2023,WASHER-DRYER,18225.37037065306,14815.438297539398,18.0,0.0,3409.932073113663,0.1965995438629242,34611.91197585721,4.0,17223.651294854877,30887.1870577037,11.75,2.8903717578961645,9.810569878791249,9.603425044284148,10.45195317855505
263,15,4,2024,FRONT LOAD,11904.153941688446,8017.914142584669,448.0,0.2730708419184982,3886.239799103778,0.2867409061889625,31322.07912225052,480.0,11762.089799470476,27896.51405370491,436.75,6.104793232414985,9.38464268891873,8.989433585061393,10.35207853111509
264,15,4,2024,LAUNDRY CENTER,19271.220945374473,15103.823974863226,52.0,0.47348484848484845,4167.396970511249,0.18132692473882314,37352.42653088337,40.0,21998.349927833984,38728.07627643624,60.5,3.9512437185814275,9.866368119306523,9.622703234110752,10.528153155810339
265,15,4,2024,SINGLE TUB,4107.217828214939,2090.4385537913963,993.0,0.2887014307606376,2016.7792744235433,0.48625978249386037,4871.404836389193,1442.0,4164.711357340231,4973.437254735084,1407.0,6.900730664045173,8.32050115082983,7.645129157296659,8.491137641908951
266,15,4,2024,TOP LOAD,10580.706996497656,6368.823553774352,4938.0,0.5256153999713178,4211.883442723304,0.3996618172752968,19697.12198566769,4502.0,10380.858546953938,19825.219138174856,5320.0,8.504715669905124,9.266787527045238,8.759170046074017,9.888227811955502
267,15,4,2024,TWIN TUB,5485.507927180369,2979.357942983424,506.0,0.2772214159006612,2506.1499841969444,0.4545216732060823,7567.722302239195,387.0,5616.411843532731,8211.792658910834,406.25,6.226536669287466,8.609864971371872,7.9994631009109165,8.93164741637973
268,15,4,2024,WASHER-DRYER,17182.27437521202,12384.501587013374,8.0,0.0,4797.772788198644,0.2839853262149747,30486.19566081923,18.0,18225.37037065306,34611.91197585721,11.75,2.0794415416798357,9.751633571829204,9.424201097836598,10.325029258856011
269,15,4,2025,FRONT LOAD,12533.098710147777,7983.810130599658,422.0,1.423224374495561,4549.28857954812,0.3626804306083561,31022.91718531669,448.0,11904.153941688446,31322.07912225052,442.25,6.045005314036012,9.436128320599638,8.985171036471003,10.342481474388693
270,15,4,2025,LAUNDRY CENTER,19588.672868021677,14621.545606111213,82.0,0.29090909090909095,4967.127261910466,0.23301274778608613,38862.23542983704,52.0,19271.220945374473,37352.42653088337,47.5,4.406719247264253,9.882706763264576,9.590251446328208,10.56777824649146
271,15,4,2025,SINGLE TUB,4254.011927122103,2230.287457754071,1071.0,314.5979118920295,2023.7244693680318,0.479920270365517,4991.341315243731,993.0,4107.217828214939,4871.404836389193,1361.75,6.976348070447749,8.355617799499106,7.709885760969105,8.515459953275188
272,15,4,2025,TOP LOAD,10694.130514657443,6640.572925487081,6031.0,108.82580690468664,4053.5575891703625,0.38088922611075676,19146.84648978138,4938.0,10580.706996497656,19697.12198566769,4950.75,8.704668113450987,9.27745031990937,8.80095352270713,9.859893306885661
273,15,4,2025,TWIN TUB,5554.107197189323,3031.6600749917097,335.0,17.457875457875456,2522.4471221976137,0.4558808270192657,7580.515375756433,506.0,5485.507927180369,7567.722302239195,455.5,5.814130531825066,8.622292968578815,8.016865628007437,8.933336467849694
274,15,4,2025,WASHER-DRYER,16801.236100508842,12194.148503748002,19.0,0.0,4607.087596760844,0.2791920601330413,30349.274773073917,8.0,17182.27437521202,30486.19566081923,11.5,2.9444389791664403,9.729207740095905,9.408711484821357,10.32052790075153
275,16,4,2023,FRONT LOAD,11517.575413492292,8582.456384266978,457.0,9.175944899817852,2935.119029225315,0.2509544675899928,28544.72079855978,422.0,12533.098710147777,31022.91718531669,446.75,6.124683390894205,9.351629444519679,9.057475443380918,10.259227287252601
276,16,4,2023,LAUNDRY CENTER,21524.22490126898,16975.593107047556,72.0,16.977777777777778,4548.631794221422,0.2105986512468109,38219.846849203575,82.0,19588.672868021677,38862.23542983704,57.75,4.276666119016055,9.976934319415015,9.739531891848765,10.551110210701033
277,16,4,2023,SINGLE TUB,4121.272742490541,2258.3084967277377,1314.0,66.63529411764705,1862.9642457628026,0.4480858384567112,4963.302579343165,1071.0,4254.011927122103,4991.341315243731,1290.5,7.1808311990445555,8.323917312718434,7.72237135926038,8.509826640753642
278,16,4,2023,TOP LOAD,10475.679398447888,6977.760871476407,4410.0,35.97463829633287,3497.91852697148,0.3310739924367518,19897.560614720012,6031.0,10694.130514657443,19146.84648978138,5416.0,8.391629968440892,9.256811601727453,8.85048335223955,9.898352421023901
279,16,4,2023,TWIN TUB,5578.041341058292,3294.070536068193,303.0,1.1855203619909502,2283.970804990099,0.4071209574433283,7983.209068251757,335.0,5554.107197189323,7580.515375756433,446.0,5.713732805509369,8.626592979608212,8.099879324008075,8.985095748486353
280,16,4,2023,WASHER-DRYER,18620.490666878686,15601.665045047686,7.0,0.041666666666666664,3018.8256218309984,0.16552568530079786,34024.58311900893,19.0,16801.236100508842,30349.274773073917,12.25,1.9459101490553132,9.832017902088516,9.6551329211989,10.434838575247957
281,16,4,2024,FRONT LOAD,11368.564169591205,7485.7812486004095,462.0,0.3527354596043267,3882.782920990796,0.3382653690022109,31019.087859074694,457.0,11517.575413492292,28544.72079855978,451.75,6.135564891081739,9.33860729641244,8.920760666637529,10.342358031368303
282,16,4,2024,LAUNDRY CENTER,20246.46801350482,14372.50073984047,58.0,0.19191919191919193,5873.967273664347,0.28872063469729486,37037.50875261848,72.0,21524.22490126898,38219.846849203575,61.5,4.060443010546419,9.915735638235725,9.57307198897356,10.519686428199538
283,16,4,2024,SINGLE TUB,4059.9224262494677,1962.0005841949096,988.0,0.2562177002583979,2097.921842054558,0.5078358843327165,4896.049474381008,1314.0,4121.272742490541,4963.302579343165,1205.0,6.895682697747868,8.308919145578134,7.58171993788006,8.496183929202587
284,16,4,2024,TOP LOAD,9949.85986212167,5780.677607697077,4721.0,0.45093822200565964,4169.182254424593,0.41077765509050684,19917.485735171187,4410.0,10475.679398447888,19897.560614720012,4970.25,8.459775920546287,9.205313745844578,8.662276187960737,9.899353305058517
285,16,4,2024,TWIN TUB,5539.133798107898,2964.3900209849785,368.0,0.35590277777777773,2574.7437771229183,0.46444583726675326,7877.391836616237,303.0,5578.041341058292,7983.209068251757,382.75,5.908082938168931,8.6195934133846,7.994426563786616,8.971752142863249
286,16,4,2024,WASHER-DRYER,16165.2893755324,10558.364362942766,13.0,0.0,5606.925012589635,0.3432700347187856,31019.026619642067,7.0,18620.490666878686,34024.58311900893,13.0,2.5649493574615367,9.690621591362275,9.264673655390734,10.342356057116405
287,16,4,2025,FRONT LOAD,11424.022000201434,8003.461544101643,399.0,4.424386724386724,3420.5604560997926,0.2559573892402767,30659.44633490403,462.0,11368.564169591205,31019.087859074694,447.25,5.988961416889864,9.343473610365452,8.987629420090052,10.330696094040444
288,16,4,2025,LAUNDRY CENTER,21030.19103399051,14931.705207859,78.0,0.16666666666666666,6098.485826131512,0.2894864581427812,39291.07609433341,58.0,20246.46801350482,37037.50875261848,66.0,4.356708826689592,9.953714352535208,9.611242097531731,10.578752700681733
289,16,4,2025,SINGLE TUB,4297.192196103753,2232.988831731667,1060.0,407.29503676470586,2064.203364372087,0.4847483556334044,4998.640781732825,988.0,4059.9224262494677,4896.049474381008,1091.5,6.966024187106113,8.365717110748607,7.711096250363999,8.51692131080662
290,16,4,2025,TOP LOAD,10532.576265472979,6406.33002589686,5920.0,130.5904951657733,4126.246239576118,0.39361857969138997,18971.50788292884,4721.0,9949.85986212167,19917.485735171187,5025.0,8.68609172787805,9.262228234792822,8.76504184709011,9.850693547536487
291,16,4,2025,TWIN TUB,5507.906476569666,3079.05950024,323.0,16.975091575091575,2428.8469763296653,0.44068013144487267,7612.82853452157,368.0,5539.133798107898,7877.391836616237,378.0,5.777652323222656,8.613939880141876,8.032379472271723,8.937590068331119
292,16,4,2025,WASHER-DRYER,17763.924500169618,13012.079767637999,12.0,0.2,4751.844732531616,0.27428771305723654,29760.625192553078,13.0,16165.2893755324,31019.026619642067,11.75,2.4849066497880004,9.78492496624363,9.473633417887855,10.30094149654065
293,17,4,2023,FRONT LOAD,12271.625033912753,9207.825622911461,1167.0,18.23187789119616,3063.7994110012905,0.2388401682892156,29642.772985909916,399.0,11424.022000201434,30659.44633490403,435.0,7.062191632286556,9.415044968537298,9.127809012658485,10.296973630564002
294,17,4,2023,LAUNDRY CENTER,20527.80213372054,15651.593887642524,251.0,18.476190476190474,4876.2082460780175,0.23735803674185788,38160.55390247438,78.0,21030.19103399051,39291.07609433341,72.5,5.5254529391317835,9.929535447960587,9.658328036638114,10.54955764072088
295,17,4,2023,SINGLE TUB,4137.226598629406,2371.4792281961613,1590.0,136.45238095238096,1765.7473704332447,0.4200209189412376,5048.850704681998,1060.0,4297.192196103753,4998.640781732825,1108.25,7.371489295214277,8.327780938620903,7.77126918634871,8.526915913137124
296,17,4,2023,TOP LOAD,10296.345149336155,6929.962603212574,7665.0,63.48194223552728,3366.3825461235806,0.32272737900016457,19900.226838982824,5920.0,10532.576265472979,18971.50788292884,5270.5,8.944419791305915,9.239544271376888,8.843609695807567,9.898486409591477
297,17,4,2023,TWIN TUB,5384.785703489351,3329.1785342202893,516.0,10.658653846153847,2055.607169269062,0.3761201951752706,7915.791878958549,323.0,5507.906476569666,7612.82853452157,332.25,6.246106765481563,8.591332793717743,8.110480866122057,8.976615015189186
298,17,4,2023,WASHER-DRYER,17339.253849727836,14139.79971760396,164.0,0.0,3199.4541321238767,0.18335689602634073,33977.574558239474,12.0,17763.924500169618,29760.625192553078,12.75,5.099866427824199,9.760728218827827,9.556748775107248,10.433456014168629
299,17,4,2024,FRONT LOAD,11914.282483498167,8359.161526766711,1600.0,0.5317223641742873,3555.1209567314563,0.2922714122966148,30722.573097392902,1167.0,12271.625033912753,29642.772985909916,621.25,7.3777589082278725,9.38549316812227,9.031113405207481,10.332752943434722
300,17,4,2024,LAUNDRY CENTER,19659.95293519982,15547.889306740411,253.0,0.2136752136752137,4112.063628459406,0.20106490832367596,37940.36300425338,251.0,20527.80213372054,38160.55390247438,114.75,5.53338948872752,9.886338999761355,9.65168017249349,10.543770811293877
301,17,4,2024,SINGLE TUB,4061.9179327981274,2137.989894441334,1408.0,0.3861898335582546,1923.9280383567932,0.4619608577407356,4895.509182558743,1590.0,4137.226598629406,5048.850704681998,1238.0,7.249925536717988,8.309410538292248,7.667621364932723,8.496073570506542
302,17,4,2024,TOP LOAD,10190.185410009606,6193.916772326396,11083.0,0.5962941624547159,3996.268637683209,0.3703112533463989,19793.12250529879,7665.0,10296.345149336155,19900.226838982824,5679.0,9.313167681775653,9.22918032134168,8.731322923621175,9.893089808126028
303,17,4,2024,TWIN TUB,5544.676543040093,3049.320141299459,821.0,0.34865822882351805,2495.3564017406347,0.44881389248066655,7807.04624806055,516.0,5384.785703489351,7915.791878958549,377.5,6.710523109452428,8.62059356499738,8.022673940262578,8.962781970024936
304,17,4,2024,WASHER-DRYER,15736.934842818993,12853.037968215081,76.0,0.16666666666666666,2883.8968746039113,0.1798200959800813,30691.014907075874,164.0,17339.253849727836,33977.574558239474,49.0,4.330733340286331,9.663765766210963,9.46133548014102,10.331725216701267
305,17,4,2025,FRONT LOAD,12099.271052294767,8053.921999793046,553.0,2.592656286058113,4045.3490525017223,0.3318881926711647,30466.76410262161,1600.0,11914.282483498167,30722.573097392902,907.0,6.315358001522335,9.400900486158111,8.993914456710051,10.3243916668857
306,17,4,2025,LAUNDRY CENTER,19280.753214678694,14413.417757066782,98.0,0.15714285714285714,4867.335457611915,0.20270021049850606,38770.55318941805,253.0,19659.95293519982,37940.36300425338,160.0,4.584967478670572,9.86686263455282,9.575914840403689,10.565416299054748
307,17,4,2025,SINGLE TUB,4244.056162942334,2252.6600567420123,1410.0,427.85740740740744,1991.3961062003216,0.4730204962115296,5031.44685736979,1408.0,4061.9179327981274,4895.509182558743,1261.5,7.251344983372214,8.35327473313885,7.719867044335179,8.523462867332077
308,17,4,2025,TOP LOAD,10423.962281820635,6546.931593204039,7383.0,139.7645689205464,3877.030688616596,0.37298310220517933,18853.22127991852,11083.0,10190.185410009606,19793.12250529879,7347.25,8.906935339059165,9.251862500400268,8.786751759815257,9.844439068457447
309,17,4,2025,TWIN TUB,5509.30638953103,2903.351662684143,471.0,21.414285714285718,2605.9547268468873,0.4747284897990351,7732.47837318804,821.0,5544.676543040093,7807.04624806055,507.0,6.154858094016418,8.614194012105362,7.973621094367744,8.953184707683414
310,17,4,2025,WASHER-DRYER,16885.07523310802,12786.241463813809,30.0,0.0,4098.83376929421,0.2475761781603315,29817.165738349122,76.0,15736.934842818993,30691.014907075874,66.25,3.4011973816621555,9.734185388427628,9.456124986164292,10.302839538139267
311,18,4,2024,FRONT LOAD,12081.446560229097,7868.205435090209,480.0,3.298790577238853,4213.2411251388885,0.339919627726315,30524.986438234027,553.0,12099.271052294767,30466.76410262161,929.75,6.173786103901937,9.39942621268288,8.970585289372737,10.326300854694908
312,18,4,2024,LAUNDRY CENTER,20221.008937817016,14787.424592789492,63.0,0.1,5433.584345027526,0.266654121717709,37388.38719449986,98.0,19280.753214678694,38770.55318941805,170.0,4.143134726391533,9.91447738934231,9.601532408884934,10.529115432365781
313,18,4,2024,SINGLE TUB,4186.795421666562,2168.1291948387616,1427.0,0.2788847698486253,2018.666226827801,0.4705073897200578,5050.994934880149,1410.0,4244.056162942334,5031.44685736979,1367.0,7.2633296174768365,8.339690904463977,7.681619952499317,8.527340519672093
314,18,4,2024,TOP LOAD,10365.779868928865,6381.463000852907,6993.0,1.4600417703963986,3984.316868075958,0.3831484823248055,19679.83029329081,7383.0,10423.962281820635,18853.22127991852,8012.75,8.852664927703866,9.246265262650047,8.761152660529719,9.88734954726067
315,18,4,2024,TWIN TUB,5647.922213194882,3034.5378850022016,482.0,1.0885436402677782,2613.38432819268,0.46631768035006,7771.568857333635,471.0,5509.30638953103,7732.47837318804,532.75,6.1779441140506,8.639043006626906,8.01781442995731,8.958227335120931
316,18,4,2024,WASHER-DRYER,16018.506289823885,12832.042906751827,9.0,0.0,3186.4633830720595,0.17591711453608214,30308.356036147463,30.0,16885.07523310802,29817.165738349122,70.5,2.1972245773362196,9.681499975939612,9.459700673831366,10.31917873024858
317,18,4,2025,FRONT LOAD,11298.720315994671,7646.235812208528,1622.0,3.4323898323898323,3652.484503786145,0.30929842304368255,30619.406799542878,480.0,12081.446560229097,30524.986438234027,950.0,7.3914152346753585,9.332444751915425,8.941968755032219,10.329389296050238
318,18,4,2025,LAUNDRY CENTER,19920.53581877906,14922.482682718255,318.0,0.24125874125874122,4998.053136060804,0.24771499116184395,39616.12795172105,63.0,20221.008937817016,37388.38719449986,166.25,5.762051382780177,9.899506429309916,9.610624259560861,10.586991585838149
319,18,4,2025,SINGLE TUB,4176.5919574941,2190.6484945930606,1438.0,349.55694925028837,1985.94346290104,0.47781066937678246,5027.5295979602415,1427.0,4186.795421666562,5050.994934880149,1458.75,7.271008538280992,8.337250871790062,7.6919528952293215,8.522684008841857
320,18,4,2025,TOP LOAD,10155.782935192157,6402.356660509504,11557.0,139.66851157178667,3753.4262746826516,0.36983207118964667,18819.635013664276,6993.0,10365.779868928865,19679.83029329081,8281.0,9.355046592975441,9.22579856953513,8.764421429773007,9.84265601941594
321,18,4,2025,TWIN TUB,5229.577830958398,3012.5266365780553,593.0,17.022142857142857,2217.0511943803426,0.40534585550938784,7779.090865400713,482.0,5647.922213194882,7771.568857333635,572.5,6.385194398997726,8.562085833142831,8.010534419777432,8.959194754997368
322,18,4,2025,WASHER-DRYER,16335.125468588358,12669.11544363805,122.0,0.14285714285714285,3666.010024950308,0.22385449825123088,29522.570621577812,9.0,16018.506289823885,30308.356036147463,69.75,4.804021044733257,9.701073004972207,9.44692245585338,10.292910355599862
323,18,5,2023,FRONT LOAD,11742.524963845515,8866.558835116097,515.0,18.67709753261574,2875.9661287294202,0.24755393100276657,29912.69765314995,1622.0,11298.720315994671,30619.406799542878,1063.75,6.244166900663736,9.37097214383847,9.090042044574657,10.30603833990562
324,18,5,2023,LAUNDRY CENTER,20932.209382620695,16021.225573191296,76.0,17.907407407407405,4910.983809429398,0.2334995492372338,38156.31038533291,318.0,19920.53581877906,39616.12795172105,183.0,4.330733340286331,9.949044370433693,9.681669720392254,10.54944643287225
325,18,5,2023,SINGLE TUB,4203.946755806554,2418.8502626179297,1990.0,78.86315789473684,1785.096493188625,0.42015664317322754,5025.949257944961,1438.0,4176.5919574941,5027.5295979602415,1420.75,7.595889917718538,8.343779066789748,7.79104760816411,8.522369622140308
326,18,5,2023,TOP LOAD,10460.632803535706,7099.228169390277,6737.0,47.05241860597062,3361.404634145429,0.30944943278030707,20095.478000901738,11557.0,10155.782935192157,18819.635013664276,9254.0,8.81537000096066,9.25537423325897,8.867741348583625,9.908250093656962
327,18,5,2023,TWIN TUB,5764.811781508567,3468.7096521845074,178.0,22.45,2296.1021293240588,0.39923572817638164,7937.430133998233,593.0,5229.577830958398,7779.090865400713,591.75,5.181783550292085,8.659527783689452,8.15153794562443,8.979344841146238
328,18,5,2023,WASHER-DRYER,18689.20500028269,15803.800128617417,9.0,0.08333333333333333,2885.4048716652746,0.15670558024041223,34007.01525219558,122.0,16335.125468588358,29522.570621577812,59.25,2.1972245773362196,9.835701363444478,9.668005704565546,10.434322113261926
329,19,5,2023,FRONT LOAD,11380.99764429636,8572.100703446293,572.0,16.74434305800919,2808.8969408500693,0.2392367098244805,29707.102903088693,515.0,11742.524963845515,29912.69765314995,792.5,6.349138991379798,9.339700370296223,9.056268104476665,10.299141451183948
330,19,5,2023,LAUNDRY CENTER,20140.072652029954,15542.343365328561,94.0,11.85064935064935,4597.729286701392,0.20432050096193077,38608.862749663625,76.0,20932.209382620695,38156.31038533291,138.75,4.543294782270004,9.910466773616093,9.651323408262797,10.561237134011314
331,19,5,2023,SINGLE TUB,4257.894502389859,2371.973144094873,2587.0,54.11842105263158,1885.9213582949858,0.44057557535517067,4908.222036135636,1990.0,4203.946755806554,5025.949257944961,1566.25,7.8582541821860294,8.356530068817191,7.771477438002456,8.498667044443959
332,19,5,2023,TOP LOAD,10462.83771380702,7119.560818475399,7764.0,43.748076273364475,3343.276895331621,0.3145489436807233,19917.068037776862,6737.0,10460.632803535706,20095.478000901738,8167.5,8.957252944288902,9.255584992776864,8.87060131970516,9.89933233344695
333,19,5,2023,TWIN TUB,5733.631587336379,3299.3715812621376,339.0,19.274305555555557,2434.260006074241,0.42621238073367673,7962.475284498875,178.0,5764.811781508567,7937.430133998233,431.0,5.82600010738045,8.65410439382743,8.101487299399928,8.982495195888019
334,19,5,2023,WASHER-DRYER,18397.19000033923,13916.9302043354,5.0,0.0,4480.25979600383,0.2516838044238728,34029.73409685445,9.0,18689.20500028269,34007.01525219558,42.5,1.6094379124341003,9.819953214561723,9.540861378270064,10.434989953678189
335,19,5,2024,FRONT LOAD,11343.603441965024,7379.368687636567,496.0,0.2949115411124307,3964.2347543284586,0.338551043559926,30588.740237585294,572.0,11380.99764429636,29707.102903088693,797.25,6.206575926724928,9.33640929064722,8.906443370254767,10.328387254132354
336,19,5,2024,LAUNDRY CENTER,19911.436080475487,15397.376580910448,32.0,0.10227272727272728,4514.059499565037,0.2174175112810449,37654.31500110268,94.0,20140.072652029954,38608.862749663625,137.75,3.4657359027997265,9.899049523059585,9.641952422001257,10.536202834924033
337,19,5,2024,SINGLE TUB,4181.142698929988,2155.084450361389,2023.0,0.1911705818217861,2026.0582485685993,0.4805460237020675,4960.61355981609,2587.0,4257.894502389859,4908.222036135636,1860.5,7.612336837167746,8.338339861108985,7.675585189872748,8.509284713644389
338,19,5,2024,TOP LOAD,10422.058696999899,6298.776326003305,9538.0,0.44093596523276407,4123.282370996593,0.38462141578035436,19244.49955025845,7764.0,10462.83771380702,19917.068037776862,8262.75,9.16303909885817,9.251679867481691,8.748110659546034,9.864980561236239
339,19,5,2024,TWIN TUB,5451.653561099637,2822.234563044708,505.0,0.23454545454545456,2629.41899805493,0.48147249851344254,7624.518655027537,339.0,5733.631587336379,7962.475284498875,398.0,6.22455842927536,8.603674247345442,7.945284248393225,8.939124472273503
340,19,5,2024,WASHER-DRYER,16755.39419664059,12290.587947727661,0.0,0.0,4464.80624891293,0.2706935916623729,30048.97250020051,5.0,18397.19000033923,34029.73409685445,36.25,-inf,9.726475526999433,9.416589040937993,10.310583746373785
341,19,5,2025,FRONT LOAD,11871.331265438752,7688.970332104125,581.0,2.899834419235094,4182.360933334627,0.33915123003333486,31119.0986070854,496.0,11343.603441965024,30588.740237585294,801.25,6.364750756851911,9.381881635100859,8.947542156539125,10.345577012804883
342,19,5,2025,LAUNDRY CENTER,20722.542643639903,15770.627218261248,73.0,0.0,4951.915425378655,0.23779847805639048,39538.833994366636,32.0,19911.436080475487,37654.31500110268,130.0,4.290459441148391,9.938977403306001,9.665904452042591,10.585038607022382
343,19,5,2025,SINGLE TUB,4186.446945674627,2239.402625845895,1894.0,341.13287037037037,1947.0443198287328,0.4665601366390291,5054.391258345673,2023.0,4181.142698929988,4960.61355981609,2009.5,7.546446273746024,8.339607668848226,7.713964424392121,8.52801270053257
344,19,5,2025,TOP LOAD,10415.81206169976,6498.898153745203,10645.0,119.94999722756783,3916.913907954558,0.3759757013861322,19014.10369657744,9538.0,10422.058696999899,19244.49955025845,8899.0,9.27284557732758,9.25108032105398,8.77938792670604,9.852936282600194
345,19,5,2025,TWIN TUB,5426.490366208866,3052.8790903622466,666.0,15.57210242587601,2373.61127584662,0.4361874408474757,7628.7657673516405,505.0,5451.653561099637,7624.518655027537,403.75,6.501289670540389,8.599047862561333,8.023840388400766,8.939681350689488
346,19,5,2025,WASHER-DRYER,17064.741028201814,12825.767938734445,5.0,0.0,4238.973089467369,0.2534333827243426,29778.630163788162,0.0,16755.39419664059,30048.97250020051,34.0,1.6094379124341003,9.744769685614864,9.459211546510232,10.301546306650424
347,20,5,2023,FRONT LOAD,11263.176542508372,8600.34266858192,495.0,14.763524195103143,2662.833873926455,0.22744119530023715,29881.023620169628,581.0,11871.331265438752,31119.0986070854,541.0,6.20455776256869,9.329293970479444,9.059557326631746,10.304978896363105
348,20,5,2023,LAUNDRY CENTER,21155.036540672558,15720.28778406935,62.0,9.531818181818181,5434.748756603203,0.25482798805584284,37529.42683095311,73.0,20722.542643639903,39538.833994366636,68.75,4.127134385045092,9.95963329043571,9.662707372690269,10.53288061972236
349,20,5,2023,SINGLE TUB,4214.675577026985,2334.9660101410373,1525.0,103.88235294117646,1879.7095668859474,0.44736268629262105,4971.923222520372,1894.0,4186.446945674627,5054.391258345673,2123.5,7.329749689041512,8.346327898796844,7.755752613312268,8.51156201054041
350,20,5,2023,TOP LOAD,10313.549134548357,6943.045295915374,6102.0,38.08782076082699,3370.503838632983,0.31707344255374365,19522.84910294018,10645.0,10415.81206169976,19014.10369657744,8671.0,8.716371865276615,9.241213759727593,8.845495760700791,9.879340807458657
351,20,5,2023,TWIN TUB,5688.30813677454,3277.411119006319,332.0,2.390625,2410.8970177682213,0.42554823568810135,7700.3294657579245,666.0,5426.490366208866,7628.7657673516405,422.0,5.805134968916488,8.646168143147717,8.094809096736599,8.949018394687174
352,20,5,2023,WASHER-DRYER,17617.784861535147,13807.762975115611,18.0,0.3333333333333333,3810.0218864195376,0.22519786253822693,33638.78378571107,5.0,17064.741028201814,29778.630163788162,4.75,2.8903717578961645,9.776664174307587,9.532986247410784,10.423434959619737
353,20,5,2024,FRONT LOAD,11107.289183396028,7460.04508910951,1154.0,0.33843137891270075,3647.244094286519,0.3171654986681669,30543.719028585117,495.0,11263.176542508372,29881.023620169628,536.0,7.050989447068045,9.315356854967199,8.917316737296098,10.326914347016237
354,20,5,2024,LAUNDRY CENTER,17754.698331738113,14446.988250395727,104.0,0.18181818181818182,3307.710081342385,0.16559457617127304,37815.240872127266,62.0,21155.036540672558,37529.42683095311,65.25,4.6443908991413725,9.784405454623897,9.578241246238798,10.540467498020663
355,20,5,2024,SINGLE TUB,4078.416054413047,2063.299041212031,1720.0,0.20124243087053623,2015.1170132010157,0.48961674684842715,4932.887316893619,1525.0,4214.675577026985,4971.923222520372,2007.25,7.450079569807499,8.313463970062967,7.632061457104425,8.503679758259201
356,20,5,2024,TOP LOAD,10146.76129140037,6190.696754263362,10671.0,0.46097657285353133,3956.064537137008,0.38907051637776174,19517.024361669784,6102.0,10313.549134548357,19522.84910294018,8512.25,9.275285060616564,9.224909848960516,8.73080292061443,9.879042407858623
357,20,5,2024,TWIN TUB,5551.2866749965815,3085.0690705374145,1028.0,0.3788641265276779,2466.217604459168,0.4390407972956496,7532.694729259536,332.0,5688.30813677454,7700.3294657579245,460.5,6.93537044601511,8.621785013204002,8.034329325241988,8.927008122546775
358,20,5,2024,WASHER-DRYER,15976.438373185487,13061.447214557425,40.0,0.0,2914.9911586280623,0.18142431302437548,30525.280720288636,18.0,17617.784861535147,33638.78378571107,7.0,3.6888794541139363,9.678870314202513,9.477420209444391,10.32631049534247
359,20,5,2025,FRONT LOAD,12264.184138386861,7949.405102853364,413.0,6.37972697015314,4314.779035533498,0.3455288954874062,31022.286448012906,1154.0,11107.289183396028,30543.719028585117,681.5,6.023447592961033,9.414438434984502,8.98085237501872,10.342461142847593
360,20,5,2025,LAUNDRY CENTER,20275.58960190347,15030.795524031428,81.0,0.2074074074074074,5244.794077872041,0.25057718285111014,40170.49001427995,104.0,17754.698331738113,37815.240872127266,67.75,4.394449154672439,9.91717295880264,9.6178564104236,10.600887925792243
361,20,5,2025,SINGLE TUB,4195.913366448108,2191.07648926046,1985.0,112.15862573099415,2004.8368771876474,0.48012430817629215,5016.540558917044,1720.0,4078.416054413047,4932.887316893619,1790.5,7.59337419312129,8.341866322603353,7.6921482496481115,8.520495843435553
362,20,5,2025,TOP LOAD,10498.447019511028,6535.348461376638,8787.0,67.30395334400495,3963.0985581343916,0.37405815808281384,19224.04883885945,10671.0,10146.76129140037,19517.024361669784,9239.0,9.081028635495842,9.25898262230319,8.7849809469591,9.86391731792803
363,20,5,2025,TWIN TUB,5534.6149716962045,3026.2845654667058,646.0,13.131868131868133,2508.3304062294987,0.4548115459880353,7602.296333841163,1028.0,5551.2866749965815,7532.694729259536,632.75,6.470799503782602,8.618777280247313,8.015090930067817,8.936205629826176
364,20,5,2025,WASHER-DRYER,17635.355595601555,13455.857865629525,20.0,0.0,4179.497729972031,0.24446168705212895,30684.484918797305,40.0,15976.438373185487,30525.280720288636,15.75,2.995732273553991,9.777661006663147,9.507169819257827,10.331512428591298
365,21,5,2023,FRONT LOAD,11142.871336355865,8256.417214203948,363.0,16.963478611783696,2886.454122151917,0.24634130096518744,29845.4983578457,413.0,12264.184138386861,31022.286448012906,660.75,5.8944028342648505,9.31855523039113,9.018746021110687,10.303789298665572
366,21,5,2023,LAUNDRY CENTER,20638.615632309542,16517.716922270036,60.0,9.333333333333334,4120.898710039506,0.18207363998630333,38060.67121939411,81.0,20275.58960190347,40170.49001427995,80.0,4.0943445622221,9.93491914526804,9.712188836693242,10.546936776516862
367,21,5,2023,SINGLE TUB,4227.02376139164,2329.973843816824,1397.0,85.47058823529412,1897.049917574816,0.44615818683812536,4964.1911699130205,1985.0,4195.913366448108,5016.540558917044,1781.0,7.242082359256962,8.349253421888024,7.753612320667047,8.51000565684666
368,21,5,2023,TOP LOAD,10438.122753346397,6995.409892612079,5323.0,45.53714755766369,3442.7128607343193,0.31955790247044075,19627.878905914145,8787.0,10498.447019511028,19224.04883885945,9051.25,8.579792333172758,9.253220032370498,8.853009483325902,9.884706227734585
369,21,5,2023,TWIN TUB,5602.774404564532,3260.793956735108,379.0,2.2364130434782608,2341.9804478294245,0.41890831710385323,7774.643450846354,646.0,5534.6149716962045,7602.296333841163,668.0,5.937536205082426,8.631017183425145,8.08972598971925,8.958622877583862
370,21,5,2023,WASHER-DRYER,19066.677500424037,14462.559299171,4.0,0.0,4604.118201253037,0.25330034668373336,33157.76935088739,20.0,17635.355595601555,30684.484918797305,20.75,1.3862943611198906,9.855697456903677,9.579318471695498,10.40903233771295
371,21,5,2024,FRONT LOAD,11194.833502775557,7758.909349886651,1042.0,0.26856681848199726,3435.924152888906,0.2969181013881438,31428.779640245022,363.0,11142.871336355865,29845.4983578457,606.25,6.948897222313312,9.323207656459156,8.956597055604492,10.355479301174128
372,21,5,2024,LAUNDRY CENTER,19215.590470914594,13647.740584607132,216.0,0.2965686274509804,5567.849886307464,0.27921249625792954,38170.13288031308,60.0,20638.615632309542,38060.67121939411,76.75,5.375278407684165,9.863477232212698,9.521329261975135,10.54980862700943
373,21,5,2024,SINGLE TUB,4194.391227673509,2170.5045311590834,1426.0,0.023809523809523808,2023.8866965144261,0.47981428612573496,4877.428848517902,1397.0,4227.02376139164,4964.1911699130205,1656.75,7.262628600974241,8.341503489818388,7.682714922348197,8.49237348469592
374,21,5,2024,TOP LOAD,10084.643945103584,6211.685162941442,11399.0,0.37050979717114446,3872.95878216214,0.3832465067075247,19672.768315721856,5323.0,10438.122753346397,19627.878905914145,7720.75,9.341280911236778,9.218769144371267,8.734187500907804,9.88699063944292
375,21,5,2024,TWIN TUB,5413.054154893744,3016.8474794743875,1242.0,0.19999999999999998,2396.206675419357,0.4359558690367751,7456.730104401939,379.0,5602.774404564532,7774.643450846354,596.25,7.124478262493424,8.596568751345814,8.011967684176966,8.916872273299136
376,21,5,2024,WASHER-DRYER,16127.820933502948,13093.546570493932,23.0,0.27999999999999997,3034.2743630090145,0.18939891250891833,30985.87299906795,4.0,19066.677500424037,33157.76935088739,20.5,3.1354942159291497,9.68830106797606,9.479874759601532,10.341286669892572
377,21,5,2025,FRONT LOAD,11503.25869058809,7701.400335229007,366.0,3.8719166079821816,3801.8583553590834,0.30633956810349544,31027.630427530883,1042.0,11194.833502775557,31428.779640245022,743.0,5.902633333401366,9.350385638610197,8.949157453024991,10.342633390605538
378,21,5,2025,LAUNDRY CENTER,19144.35902028455,14736.363553094,96.0,0.1,4407.995467190552,0.17761429409418852,40180.466848193246,216.0,19215.590470914594,38170.13288031308,115.25,4.564348191467836,9.859763383083724,9.598073429274773,10.60113625722112
379,21,5,2025,SINGLE TUB,4236.857570307185,2235.426384619375,1600.0,194.88915945165945,2001.4311856878098,0.4754078088552855,5002.863193848467,1426.0,4194.391227673509,4877.428848517902,1632.0,7.3777589082278725,8.351577134368167,7.7121872649682714,8.517765666290916
380,21,5,2025,TOP LOAD,10336.91663625768,6520.717451960634,7774.0,75.38200826044702,3816.1991842970456,0.3659620880004857,18983.748260400484,11399.0,10084.643945103584,19672.768315721856,9045.0,8.958540111412168,9.243476905938662,8.78273968751116,9.851338537408234
381,21,5,2025,TWIN TUB,5403.382585040889,3048.8878152116836,470.0,15.682359307359308,2354.494769829206,0.4321966239057353,7562.561625536329,1242.0,5413.054154893744,7456.730104401939,823.75,6.152732694704104,8.594780441080074,8.022532152349937,8.930965251137145
382,21,5,2025,WASHER-DRYER,18314.902500282693,14581.060187680001,8.0,0.5,3733.8423126026905,0.20719947127052338,30224.326414745203,23.0,16127.820933502948,30985.87299906795,21.75,2.0794415416798357,9.815470351708857,9.587478718123416,10.31640238953558
383,22,5,2023,FRONT LOAD,11876.707450126969,8658.965815039031,1684.0,12.224126840818972,3217.741635087939,0.23952892183432362,29975.095606798463,366.0,11503.25869058809,31027.630427530883,546.0,7.428927194802272,9.38233440384058,9.066350573529052,10.30812216944187
384,22,5,2023,LAUNDRY CENTER,20661.482422263394,16431.860476412152,228.0,6.104166666666667,4229.62194585124,0.2020508197644106,37901.920814966375,96.0,19144.35902028455,40180.466848193246,113.25,5.429345628954441,9.936026493355218,9.70697744116419,10.54275707091995
385,22,5,2023,SINGLE TUB,4164.713292786605,2250.8033888875193,1966.0,88.22222222222223,1913.9099038990862,0.46033381951603125,5010.109198180522,1600.0,4236.857570307185,5002.863193848467,1602.0,7.583756300707112,8.334402714965428,7.719042493194884,8.519212989885396
386,22,5,2023,TOP LOAD,10079.665889668793,6976.599392848936,11975.0,35.013719004835,3103.066496819857,0.30132278012037444,19756.90188528428,7774.0,10336.91663625768,18983.748260400484,8320.75,9.390576422279116,9.218275395209831,8.850316884037762,9.891258171827493
387,22,5,2023,TWIN TUB,5535.027436630711,3269.727907799623,1215.0,3.038095238095238,2265.299528831087,0.4073647862575805,8040.745471103943,470.0,5403.382585040889,7562.561625536329,684.25,7.102499355774649,8.618851802064636,8.0924620518053,8.992277078161312
388,22,5,2023,WASHER-DRYER,16592.984580928685,15491.287225213004,141.0,0.05952380952380953,1101.6973557156807,0.05962618168872815,32377.564745416683,8.0,18314.902500282693,30224.326414745203,13.75,4.948759890378168,9.716735269410785,9.648033030359365,10.385221015799756
389,22,5,2024,FRONT LOAD,11206.799073412347,8038.96149216285,259.0,0.6054254457663549,3167.837581249498,0.25744915266277674,31530.958765722393,1684.0,11876.707450126969,29975.095606798463,863.75,5.556828061699537,9.324275933222827,8.992055186188717,10.358725160123807
390,22,5,2024,LAUNDRY CENTER,20817.833744154508,15578.14217138587,28.0,0.9044117647058824,5239.691572768637,0.2451249946641063,38356.691085684,228.0,20661.482422263394,37901.920814966375,150.0,3.332204510175204,9.943565289885129,9.653624067859218,10.554684265779521
391,22,5,2024,SINGLE TUB,4126.4337704768295,2105.9090437318237,1188.0,0.20927900829459484,2020.5247267450059,0.488857453446505,4865.483568687891,1966.0,4164.713292786605,5010.109198180522,1597.25,7.080026499922591,8.325168819098252,7.65250250265005,8.489921387149753
392,22,5,2024,TOP LOAD,10417.991697166968,6407.278439484545,4566.0,0.6594328543127802,4010.713257682423,0.3795367814648243,19926.22887775458,11975.0,10079.665889668793,19756.90188528428,9117.75,8.42639282708974,9.251289561334861,8.765189879331299,9.899792176926196
393,22,5,2024,TWIN TUB,5555.279969450461,2964.9855823307403,258.0,0.2802445302445303,2590.2943871197213,0.46759410678726504,7357.652736237517,1215.0,5535.027436630711,8040.745471103943,826.5,5.552959584921617,8.622504100344754,7.99462744879968,8.90349623914972
394,22,5,2024,WASHER-DRYER,16181.194000169615,13266.881955325802,-9.0,1.6,2914.3120448438144,0.1852492294547022,31110.396591536948,141.0,16592.984580928685,32377.564745416683,44.0,,9.691604982708668,9.493026130261127,10.34529733785083
395,22,5,2025,FRONT LOAD,11136.548921672524,7661.707208576252,1718.0,1.237173726056079,3474.841713096273,0.2757116830845629,30975.59884769317,259.0,11206.799073412347,31530.958765722393,837.75,7.4489161025442,9.317987673894612,8.943990111084377,10.340955039569318
396,22,5,2025,LAUNDRY CENTER,18921.515997778428,14471.962543646334,295.0,0.09090909090909091,4449.553454132096,0.20520229922585942,40768.38894966952,28.0,20817.833744154508,38356.691085684,142.0,5.68697535633982,9.84805496612837,9.579968438877083,10.615662279449253
397,22,5,2025,SINGLE TUB,4129.573413915394,2217.8439171128734,2516.0,29.127777777777776,1911.7294968025212,0.45742508879287075,4951.33716463469,1188.0,4126.4337704768295,4865.483568687891,1545.0,7.830425617820331,8.325929391011476,7.704290794430042,8.507412953352677
398,22,5,2025,TOP LOAD,10086.844350024194,6506.326100050766,17226.0,16.75798535245747,3580.518249973427,0.3474841107338924,18956.25877408563,4566.0,10417.991697166968,19926.22887775458,8928.5,9.75417514934912,9.218987314185725,8.780530228748404,9.84988943429656
399,22,5,2025,TWIN TUB,5260.0380317359795,3011.763650150672,1434.0,19.15714285714286,2248.274381585307,0.41534406275885716,7427.449594739922,258.0,5555.279969450461,7357.652736237517,796.25,7.2682230211595655,8.567893536073674,8.010281116435412,8.91293782101147
400,22,5,2025,WASHER-DRYER,15381.34498293765,12914.910475287908,108.0,0.3333333333333333,2466.4345076497398,0.12310431291485739,30481.722008338347,-9.0,16181.194000169615,31110.396591536948,40.75,4.68213122712422,9.64091068936208,9.466137773666032,10.324882504541284
401,23,6,2023,FRONT LOAD,11721.396644679542,8719.763108589255,1356.0,11.045852983617689,3001.6335360902885,0.22303920136830896,30134.914796060388,1718.0,11136.548921672524,30975.59884769317,1006.75,7.212294468500341,9.369171223665878,9.073347350087824,10.313439738505163
402,23,6,2023,LAUNDRY CENTER,19762.54631129478,16086.25829425107,233.0,3.8636363636363638,3676.2880170437097,0.1813265301749284,38630.464918755184,295.0,18921.515997778428,40768.38894966952,161.75,5.4510384535657,9.891543824907506,9.685720664418968,10.561796490761479
403,23,6,2023,SINGLE TUB,4171.643102886041,2309.567922366253,1693.0,42.0,1862.0751805197879,0.446256621611792,4960.78135230399,2516.0,4129.573413915394,4951.33716463469,1817.5,7.4342573821331355,8.336065266652696,7.744815739425747,8.509318538018764
404,23,6,2023,TOP LOAD,10150.911944852292,7103.579872970571,9005.0,26.185657737592162,3047.332071881722,0.29415746658113046,19420.593284375755,17226.0,10086.844350024194,18956.25877408563,10385.25,9.105535257610056,9.22531882721743,8.86835414342018,9.874089291552497
405,23,6,2023,TWIN TUB,5483.969381779516,3190.9224367844267,1420.0,0.17463235294117646,2293.0469449950892,0.41585535546178076,8016.563043879019,1434.0,5260.0380317359795,7427.449594739922,844.25,7.258412150595307,8.60958445747543,8.068065319114893,8.9892650608628
406,23,6,2023,WASHER-DRYER,16043.656714497733,14881.600167108732,86.0,0.41666666666666663,1162.0565473890006,0.06910166865434275,32566.86341084343,108.0,15381.34498293765,30481.722008338347,62.0,4.454347296253507,9.683068830157527,9.60788084071742,10.391050590619136
407,23,6,2024,FRONT LOAD,10763.522736764377,7776.389094367095,679.0,0.38253968253968257,2987.1336423972816,0.18174648998628684,31564.205508884563,1356.0,11721.396644679542,30134.914796060388,1254.25,6.520621127558696,9.283918172027343,8.958847382744274,10.359779020482883
408,23,6,2024,LAUNDRY CENTER,19772.13178828177,14936.212115938595,126.0,0.5151515151515151,4835.919672343175,0.24242648791903293,38360.40121069921,233.0,19762.54631129478,38630.464918755184,196.0,4.836281906951478,9.89202873980428,9.611543886777023,10.554780988032856
409,23,6,2024,SINGLE TUB,4005.907865783294,2085.3148517030218,1588.0,0.05833333333333333,1920.593014080272,0.46916610694442235,4933.366264549116,1693.0,4171.643102886041,4960.78135230399,1840.75,7.370230641807081,8.295525516905688,7.642675130843381,8.50377684630826
410,23,6,2024,TOP LOAD,10239.583837938071,6322.876286129963,6501.0,0.5990899616833673,3916.7075518081083,0.3756569691568858,19657.37527058385,9005.0,10150.911944852292,19420.593284375755,10693.0,8.77971129020447,9.234016256941278,8.751929492175279,9.886207878714362
411,23,6,2024,TWIN TUB,5460.046877846184,3030.594911509917,442.0,0.08677685950413222,2429.4519663362667,0.4437357918868159,7401.652931274982,1420.0,5483.969381779516,8016.563043879019,1081.75,6.091309882077698,8.605212654388207,8.01651421966347,8.909458623340313
412,23,6,2024,WASHER-DRYER,16527.967207323167,12851.13656084578,19.0,1.0,3676.8306464773887,0.2224997089052248,31182.171482755555,86.0,16043.656714497733,32566.86341084343,81.5,2.9444389791664403,9.712809207289395,9.461187534726891,10.34760178363628
413,23,6,2025,FRONT LOAD,11434.794436617176,7608.200995539108,1197.0,7.052365913427295,3826.593441078069,0.3173144098909173,30927.393975687133,679.0,10763.522736764377,31564.205508884563,1003.0,7.087573705557973,9.344416129611187,8.93698202284827,10.339397606574522
414,23,6,2025,LAUNDRY CENTER,20023.862175830793,14703.807407278146,212.0,0.2,5320.054768552644,0.2597185257985519,40733.33993877364,126.0,19772.13178828177,38360.40121069921,170.5,5.356586274672012,9.904679950139,9.595861746528062,10.614802199214528
415,23,6,2025,SINGLE TUB,4158.2175756483175,2198.6526934420185,2336.0,131.44438368648898,1959.564882206299,0.46871555493547096,4993.068227975558,1588.0,4005.907865783294,4933.366264549116,1746.25,7.756195343948118,8.332841794044697,7.695600039673728,8.515805875132976
416,23,6,2025,TOP LOAD,10144.036615117306,6492.020210649225,13345.0,74.38054191884416,3652.016404468079,0.3578415897742174,19067.64163073735,6501.0,10239.583837938071,19657.37527058385,9324.5,9.498897061838624,9.224641286204928,8.77832904179187,9.855748021871689
417,23,6,2025,TWIN TUB,5289.75420182681,3019.797113942832,1018.0,20.605029585798817,2269.9570878839777,0.4220085355705395,7477.41927628195,442.0,5460.046877846184,7401.652931274982,888.5,6.925595197110468,8.573527059089805,8.012944927298552,8.919642994896776
418,23,6,2025,WASHER-DRYER,15401.474524172983,12914.359621581903,55.0,0.19047619047619047,2487.1149025910786,0.11273977940242344,31299.571846293144,19.0,16527.967207323167,31182.171482755555,51.0,4.007333185232471,9.642218532141063,9.466095120218682,10.351359697402518
419,24,6,2023,FRONT LOAD,11627.042250281937,8607.42603953011,434.0,12.2828231292517,3019.6162107518285,0.2499701564310541,30197.184905378337,1197.0,11434.794436617176,30927.393975687133,1237.5,6.073044534100405,9.36108889246969,9.060380602614638,10.31550398396447
420,24,6,2023,LAUNDRY CENTER,20592.007364993544,15869.43991353051,120.0,4.04,4722.567451463033,0.2233923197569882,39311.9859261983,212.0,20023.862175830793,40733.33993877364,216.5,4.787491742782046,9.9326582874987,9.672150520744585,10.579284736758208
421,24,6,2023,SINGLE TUB,4271.196020749929,2349.187081489098,1197.0,64.41176470588235,1922.0089392608302,0.45104293915485494,4948.224302372122,2336.0,4158.2175756483175,4993.068227975558,2033.25,7.087573705557973,8.359649165538682,7.761824624522525,8.506784064411377
422,24,6,2023,TOP LOAD,10440.263418006896,7112.566357829268,3376.0,28.84968286091358,3327.697060177628,0.3113248250532138,19601.662820253652,13345.0,10144.036615117306,19067.64163073735,11519.25,8.124446855715847,9.253425092728174,8.869618408138589,9.883369679388132
423,24,6,2023,TWIN TUB,5447.411959156483,3357.080920490965,650.0,0.8133333333333336,2090.331038665518,0.3763978364831424,8089.472134437381,1018.0,5289.75420182681,7477.41927628195,1078.5,6.476972362889683,8.602895904991337,8.118827101691291,8.998318758781245
424,24,6,2023,WASHER-DRYER,18460.703333616024,15620.291965564,6.0,0.0,2840.4113680520254,0.15762511927395725,32495.195844500962,55.0,15401.474524172983,31299.571846293144,67.0,1.791759469228055,9.82339960774361,9.656326114996453,10.38884753722215
425,24,6,2024,FRONT LOAD,11984.053558821377,7811.748412290056,312.0,0.41215617715617714,4172.305146531323,0.34171701217561723,32415.306093197156,434.0,11627.042250281937,30197.184905378337,916.5,5.7430031878094825,9.391332174941054,8.963384086189956,10.386386000513676
426,24,6,2024,LAUNDRY CENTER,20427.255832405765,14949.928607534612,47.0,0.17727272727272728,5477.327224871153,0.2660292098629832,38525.08528094348,120.0,20592.007364993544,39311.9859261983,172.75,3.8501476017100584,9.924625358300668,9.612461803391685,10.55906487383787
427,24,6,2024,SINGLE TUB,4076.132609691682,1974.9575726959251,1398.0,0.18610894181960175,2101.1750369957567,0.5125569309537864,4887.783953777125,1197.0,4271.196020749929,4948.224302372122,1703.5,7.242797922793756,8.312903928085145,7.588302194925198,8.494494300565513
428,24,6,2024,TOP LOAD,10394.871764197802,6164.372860565586,4354.0,0.5158461148647346,4230.498903632216,0.4087272083703191,19726.493360235407,3376.0,10440.263418006896,19601.662820253652,8056.75,8.378850241794492,9.249067863919512,8.72654168464391,9.88971785185896
429,24,6,2024,TWIN TUB,5495.390956884324,3035.823127662315,345.0,0.23154761904761903,2459.567829222009,0.4485671880725821,7286.492772747182,650.0,5447.411959156483,8089.472134437381,882.5,5.84354441703136,8.61166501205649,8.018237878472691,8.89377760810435
430,24,6,2024,WASHER-DRYER,15469.733055838247,12150.362685839471,1.0,0.0,3319.3703699987745,0.19476231777061845,31065.5072983988,6.0,18460.703333616024,32495.195844500962,41.5,0.0,9.646640687816308,9.405114299009547,10.343853392588143
431,24,6,2025,FRONT LOAD,11473.67943520342,7866.676148438999,925.0,7.462645227950756,3607.003286764419,0.2907642724907931,30434.997341390892,312.0,11984.053558821377,32415.306093197156,655.5,6.829793737512425,9.347810946406831,8.970390907654908,10.323348453574345
432,24,6,2025,LAUNDRY CENTER,20307.9140142841,14825.205265826593,125.0,0.2166666666666667,5482.708748457507,0.26893149826811297,41886.72999320172,47.0,20427.255832405765,38525.08528094348,126.25,4.8283137373023015,9.918765941977373,9.604084069694295,10.642724349141936
433,24,6,2025,SINGLE TUB,4179.940222546803,2203.7541622333697,1597.0,122.44326725905673,1976.1860603134337,0.4703060716910304,5033.846386918942,1398.0,4076.132609691682,4887.783953777125,1629.75,7.3758821482150125,8.33805222459042,7.697917622415172,8.523939660116225
434,24,6,2025,TOP LOAD,10105.213149112822,6424.6754030616285,6925.0,73.0888873735769,3680.537746051193,0.35968944515646534,19045.27165320169,4354.0,10394.871764197802,19726.493360235407,6894.0,8.842893331055539,9.220806723045522,8.767901387562935,9.854574142565333
435,24,6,2025,TWIN TUB,5240.058345431252,2915.423379522847,568.0,21.88392857142857,2324.634965908404,0.43580281519964625,7443.156312145634,345.0,5495.390956884324,7286.492772747182,613.75,6.342121418721152,8.564087911877383,7.977770329926838,8.915050273368145
436,24,6,2025,WASHER-DRYER,15220.684013082255,12850.206264237573,54.0,0.08333333333333333,2370.477748844684,0.11864166334136729,31252.612674556174,1.0,15469.733055838247,31065.5072983988,20.25,3.9889840465642745,9.630410572132652,9.461115141886179,10.349858257255592
437,25,6,2023,FRONT LOAD,11706.814293164873,8334.390418703264,320.0,11.026372429886361,3372.423874461609,0.2794432440828848,30080.702659194645,925.0,11473.67943520342,30434.997341390892,717.0,5.768320995793772,9.367926369465401,9.028145657381808,10.311639137471616
438,25,6,2023,LAUNDRY CENTER,21228.81987473379,16911.520818642475,58.0,8.488888888888889,4317.299056091312,0.20413065095183341,39847.993262403375,125.0,20307.9140142841,41886.72999320172,126.0,4.060443010546419,9.963114965527843,9.735750373900808,10.592827325670676
439,25,6,2023,SINGLE TUB,4197.143137692062,2389.0296484035707,1291.0,104.0,1808.1134892884913,0.42935039919026047,4977.737261751936,1597.0,4179.940222546803,5033.846386918942,1632.0,7.1631723908466425,8.342159367515453,7.778642557631208,8.51273070165354
440,25,6,2023,TOP LOAD,10488.353440384357,7049.192895907975,3872.0,37.71557514357142,3439.1605444763813,0.3260244990707825,19604.55320641957,6925.0,10105.213149112822,19045.27165320169,7000.0,8.261526448396468,9.258020724378424,8.86066840640272,9.883517124689622
441,25,6,2023,TWIN TUB,5366.299530803391,3341.456378169364,345.0,0.9502551020408164,2024.8431526340262,0.3681286401079495,8024.277701460888,568.0,5240.058345431252,7443.156312145634,645.25,5.84354441703136,8.587893849555039,8.114162032300408,8.990226937898942
442,25,6,2023,WASHER-DRYER,16830.668233502947,15116.290209876033,7.0,0.0,1714.3780236269135,0.08606350788931391,32909.051211602855,54.0,15220.684013082255,31252.612674556174,29.0,1.9459101490553132,9.73095799129877,9.623528263139015,10.401503011731549
443,25,6,2024,FRONT LOAD,11559.770400906053,7737.735660229068,423.0,0.44810744810744807,3822.0347406769847,0.3149482280599885,32487.02924369147,320.0,11706.814293164873,30080.702659194645,497.75,6.0473721790462776,9.35528628051581,8.953864373424567,10.388596188462042
444,25,6,2024,LAUNDRY CENTER,20198.646377459456,15207.44173983181,69.0,0.5123456790123456,4991.204637627648,0.24334985056891809,36185.748111450324,58.0,21228.81987473379,39847.993262403375,87.5,4.23410650459726,9.9133708701271,9.629540175172023,10.49642062171551
445,25,6,2024,SINGLE TUB,4116.900852518724,2104.9290119606253,1264.0,0.2994519459056577,2011.9718405580982,0.4846605871800179,4867.337176853,1291.0,4197.143137692062,4977.737261751936,1370.75,7.142036574706803,8.322855939021506,7.652037022013686,8.490302285603752
446,25,6,2024,TOP LOAD,10351.001839108116,6335.378681360105,4680.0,0.709627392278478,4015.6231577480094,0.3816505555715511,20138.457232404322,3872.0,10488.353440384357,19604.55320641957,4631.75,8.451053388911692,9.244838590058173,8.75390486703188,9.910386561173826
447,25,6,2024,TWIN TUB,5486.752816260423,2941.950094726878,426.0,0.2630846717385179,2544.802721533545,0.46476855484098883,7109.781442034719,345.0,5366.299530803391,8024.277701460888,477.0,6.054439346269371,8.610091887066734,7.986827937974299,8.869226782807901
448,25,6,2024,WASHER-DRYER,16345.905416808011,14218.31848311275,5.0,1.25,2127.5869336952633,0.1333872690553397,31048.505366698624,7.0,16830.668233502947,32909.051211602855,17.0,1.6094379124341003,9.701732711739012,9.562286446232415,10.343305949864826
449,25,6,2025,FRONT LOAD,11879.085127737202,7826.439580955659,782.0,8.071073205401564,4052.645546781544,0.3330519144801619,30202.85495511495,423.0,11559.770400906053,32487.02924369147,495.0,6.661854740545311,9.382534580501526,8.965262970494692,10.315691733832397
450,25,6,2025,LAUNDRY CENTER,20329.316856491743,14527.786548986363,79.0,0.14015151515151514,5801.530307505381,0.28234185765114544,41218.51173439778,69.0,20198.646377459456,36185.748111450324,74.75,4.3694478524670215,9.919819303327445,9.583818408345087,10.62664274836803
451,25,6,2025,SINGLE TUB,4267.06194696078,2223.8826653781284,1271.0,175.00394736842105,2043.1792815826507,0.4831433488650212,4989.514205222448,1264.0,4116.900852518724,4867.337176853,1387.5,7.147559271189454,8.358680800767358,7.707009895605557,8.515093830343552
452,25,6,2025,TOP LOAD,10423.128037504965,6501.191682127858,6753.0,75.0472948359726,3921.936355377106,0.3746112624375768,19144.75655933515,4680.0,10351.001839108116,20138.457232404322,4957.75,8.817742129574842,9.251782465795598,8.779740774791769,9.859784148204286
453,25,6,2025,TWIN TUB,5496.289049583074,3016.8290380501057,466.0,20.842085450781102,2479.460011532969,0.44991239920255793,7368.258452100614,426.0,5486.752816260423,7109.781442034719,421.0,6.144185634125646,8.611828425238137,8.011961571345353,8.9049366549666
454,25,6,2025,WASHER-DRYER,16541.471250424038,11469.94151683,9.0,0.0,5071.529733594037,0.30842441150165417,31186.241994985023,5.0,16345.905416808011,31048.505366698624,16.75,2.1972245773362196,9.71362591567522,9.347485111316171,10.347732314846175
455,26,6,2023,FRONT LOAD,12026.13285034129,8791.390579058618,388.0,10.120453072865432,3234.7422712826733,0.25150648481768717,30637.305496838886,782.0,11879.085127737202,30202.85495511495,612.5,5.961005339623274,9.394837298465264,9.081528178287337,10.329973679283826
456,26,6,2023,LAUNDRY CENTER,20485.025074829082,16414.939921472436,79.0,5.452380952380952,4070.0851533566447,0.1962293344795317,40940.520877422554,79.0,20329.316856491743,41218.51173439778,82.75,4.3694478524670215,9.92744941403827,9.705947169951685,10.61987558208067
457,26,6,2023,SINGLE TUB,4226.023252296627,2425.4722138587176,1213.0,116.38333333333335,1800.5510384379093,0.4245637510155856,4983.198592812039,1271.0,4267.06194696078,4989.514205222448,1355.75,7.10085190894405,8.34901670036073,7.793781511779091,8.513827251553485
458,26,6,2023,TOP LOAD,10546.04722042751,7163.398994794454,3995.0,41.002513173519496,3382.648225633057,0.3166668656012664,19550.235200750452,6753.0,10423.128037504965,19144.75655933515,5557.5,8.292798858200374,9.263506397647953,8.876739867254187,9.880742596070066
459,26,6,2023,TWIN TUB,5416.150125940873,3278.629331706447,276.0,1.5048076923076923,2137.5207942344264,0.3861355488714303,7932.370485792502,466.0,5496.289049583074,7368.258452100614,451.25,5.62040086571715,8.597140533177829,8.095180727364356,8.978707196288765
460,26,6,2023,WASHER-DRYER,16951.952107264013,16072.986108436357,19.0,0.07142857142857142,878.9659988276532,0.007987476264581255,33043.16016821879,9.0,16541.471250424038,31186.241994985023,18.75,2.9444389791664403,9.738138274747353,9.684895260289315,10.405569869798914
461,26,6,2024,FRONT LOAD,11674.352681315082,7508.126861924924,606.0,2.9934809887849405,4166.225819390159,0.34190299840660154,32114.13116681772,388.0,12026.13285034129,30637.305496838886,478.25,6.406879986069314,9.365149636144736,8.923741294463612,10.377051435513623
462,26,6,2024,LAUNDRY CENTER,20680.836000031268,14532.297439759506,93.0,0.41527777777777775,6148.538560271761,0.2981717707641023,35074.74192945544,79.0,20485.025074829082,40940.520877422554,71.25,4.532599493153256,9.936962753338703,9.584128861047915,10.465236547265915
463,26,6,2024,SINGLE TUB,4192.355854252886,2192.451752323522,1263.0,76.41848935613972,1999.9041019293645,0.4791208197375744,4977.015220310272,1213.0,4226.023252296627,4983.198592812039,1259.75,7.141245122350491,8.341018111294224,7.692775718222461,8.512585636983328
464,26,6,2024,TOP LOAD,10390.668212918346,6220.67397426597,5471.0,39.916404862877,4169.994238652374,0.4033683127594214,20062.013143532753,3995.0,10546.04722042751,19550.235200750452,4825.0,8.607216694063826,9.248663395106925,8.735633535854452,9.906583412588901
465,26,6,2024,TWIN TUB,5388.789469230002,2917.908733910864,555.0,16.756944444444446,2470.8807353191387,0.45791799994120935,7123.220064188728,276.0,5416.150125940873,7932.370485792502,378.25,6.318968113746434,8.592076050410304,7.978622451661063,8.87111515837529
466,26,6,2024,WASHER-DRYER,17240.207656826045,12992.483078293624,22.0,0.14285714285714285,4247.724578532419,0.2527457216707178,30652.030770097674,19.0,16951.952107264013,33043.16016821879,10.0,3.091042453358316,9.754999589204658,9.47212624446063,10.330454195942645
467,26,6,2025,FRONT LOAD,11911.845953514648,7900.360152844905,1068.0,5.293000548460898,4011.485800669746,0.32163146811005466,30550.451292219266,606.0,11674.352681315082,32114.13116681772,549.75,6.97354301952014,9.385288642238137,8.974663626383677,10.327134736740035
468,26,6,2025,LAUNDRY CENTER,19186.130561946306,15318.415521720259,109.0,0.2965686274509804,3867.7150402260454,0.04271758326075365,41341.16112617638,93.0,20680.836000031268,35074.74192945544,80.0,4.6913478822291435,9.861942930418135,9.63681101247062,10.629613920073453
469,26,6,2025,SINGLE TUB,4144.913026274391,2336.652281308538,1258.0,202.77412280701756,1808.2607449658528,0.4282631682986444,5049.5148028061285,1263.0,4192.355854252886,4977.015220310272,1252.75,7.1372784372603855,8.329637084544522,7.75647453498289,8.527047439001304
470,26,6,2025,TOP LOAD,10536.725160424514,6676.080763108789,7423.0,68.35623424578995,3860.6443973157243,0.36231514725035635,19028.455727291035,5471.0,10390.668212918346,20062.013143532753,5224.75,8.912338567117548,9.262622067974217,8.806286382238328,9.853690807617008
471,26,6,2025,TWIN TUB,5204.715197752245,3101.0835089071265,574.0,17.823412698412696,2103.6316888451183,0.3932205940062359,7412.503847219289,555.0,5388.789469230002,7123.220064188728,430.75,6.352629396319567,8.557320262501555,8.039506848408,8.910923562323626
472,26,6,2025,WASHER-DRYER,17954.73980033923,12890.956355306,19.0,0.0,5063.783445033228,0.28818997476165176,31278.422944594382,22.0,17240.207656826045,30652.030770097674,13.75,2.9444389791664403,9.795609414789052,9.464281286765665,10.350683776015947
473,27,6,2025,FRONT LOAD,11580.182033206716,7904.583270731927,638.0,4.922811229067857,3675.59876247479,0.29245755118686456,30228.27049545004,1068.0,11911.845953514648,30550.451292219266,711.0,6.45833828334479,9.35705047062405,8.975198031079012,10.316532874606926
474,27,6,2025,LAUNDRY CENTER,19258.75499197864,14784.022642772838,92.0,0.22177822177822176,4474.732349205799,0.12109206629348712,40928.30010833645,109.0,19186.130561946306,41341.16112617638,90.0,4.5217885770490405,9.865721041101697,9.60130232545313,10.619577036943957
475,27,6,2025,SINGLE TUB,4235.7750293926365,2244.959196562778,1302.0,190.04953703703706,1990.8158328298584,0.4729693494603804,5008.983025978272,1258.0,4144.913026274391,5049.5148028061285,1251.25,7.171656822768514,8.351321596102416,7.71644262476075,8.518988184647197
476,27,6,2025,TOP LOAD,10316.823662068387,6435.75747094731,6185.0,71.73710627694955,3881.066191121078,0.32502622130446107,18694.613683655647,7423.0,10536.725160424514,19028.455727291035,5910.5,8.729882284826589,9.24153120697683,8.769624824205742,9.835990723044493
477,27,6,2025,TWIN TUB,5134.950765911231,3101.067875002175,650.0,16.171904761904763,2033.8828909090569,0.264516935591294,7345.12404550213,574.0,5204.715197752245,7412.503847219289,467.75,6.476972362889683,8.54382553437341,8.039501806962223,8.901791976893161
478,27,6,2025,WASHER-DRYER,16686.501786077748,13216.737927534286,17.0,0.07142857142857142,3469.7638585434593,0.1885996393257859,31431.803556315714,19.0,17954.73980033923,31278.422944594382,17.25,2.833213344056216,9.722355395290677,9.489239330123171,10.355575511419698
479,27,7,2023,FRONT LOAD,12312.939461815884,8641.90885262675,388.0,9.572123681789789,3671.030609189135,0.28719446544363364,30661.672225319497,638.0,11580.182033206716,30228.27049545004,675.0,5.961005339623274,9.418405977173613,9.064378769413203,10.330768691881733
480,27,7,2023,LAUNDRY CENTER,20710.49074190379,16660.55745361097,80.0,6.466666666666666,4049.9332882928197,0.1918165002902372,41037.006877213695,92.0,19258.75499197864,40928.30010833645,93.25,4.382026634673881,9.938395649999944,9.720799375761938,10.622229545343224
481,27,7,2023,SINGLE TUB,4260.338938537239,2376.1406402600373,1326.0,89.58479532163743,1884.198298277202,0.4430849593851669,4963.521176335439,1302.0,4235.7750293926365,5008.983025978272,1259.0,7.189922170745808,8.357103999135356,7.773232870759392,8.50987068243257
482,27,7,2023,TOP LOAD,10622.83271625828,7115.299042203781,4113.0,28.504102056954263,3507.533674054499,0.33080899155906374,19713.808232806474,6185.0,10316.823662068387,18694.613683655647,5768.5,8.321907968230423,9.27076099333966,8.87000253946557,9.889074594715684
483,27,7,2023,TWIN TUB,5171.875250714028,3411.6493767262086,372.0,-1.495879120879121,1760.2258739878196,0.31326297059681046,7948.667567680412,650.0,5134.950765911231,7345.12404550213,513.75,5.918893854273146,8.550990619475956,8.13495114152764,8.980759592052035
484,27,7,2023,WASHER-DRYER,17644.926365723844,14603.546999791415,21.0,0.0,3041.3793659324288,0.17842937067220466,32806.12094984732,17.0,16686.501786077748,31431.803556315714,19.25,3.044522437723423,9.77820356300482,9.589019723381217,10.398370391286562
485,27,7,2024,FRONT LOAD,11599.337773748464,7729.4192831538485,642.0,1.8243395594020093,3869.9184905946167,0.31189498570664653,31799.56157987687,388.0,12312.939461815884,30661.672225319497,675.0,6.464588303689961,9.358703286994887,8.952789013682317,10.367207781876905
486,27,7,2024,LAUNDRY CENTER,20519.70716561009,14629.35063338481,107.0,1.0914085914085914,5890.356532225281,0.2868272579551896,34857.00423625748,80.0,20710.49074190379,41037.006877213695,93.5,4.672828834461906,9.929141028501109,9.59078510706769,10.459009378383438
487,27,7,2024,SINGLE TUB,4185.403133053844,2147.0780647565307,1414.0,126.65575556065122,2038.3250682973128,0.48699852547572203,4950.8677108733345,1326.0,4260.338938537239,4963.521176335439,1287.25,7.254177846456518,8.339358306373652,7.671863157141637,8.507318135326267
488,27,7,2024,TOP LOAD,10508.756749937247,6370.398722048422,5477.0,50.93915801348148,4138.358027888825,0.3935354336868593,20137.420398611062,4113.0,10622.83271625828,19713.808232806474,5798.0,8.608312784783722,9.259964164765204,8.759417340335471,9.910335074584111
489,27,7,2024,TWIN TUB,5409.724914785267,2943.985126416332,545.0,6.5248677248677245,2465.739788368935,0.4554364333105786,7384.420580729,372.0,5171.875250714028,7948.667567680412,537.75,6.300785794663244,8.595953523003434,7.987519427667639,8.907127732947538
490,27,7,2024,WASHER-DRYER,16879.62450028269,13672.237519129332,14.0,2.1333333333333333,3207.386981153359,0.19169347659568825,30910.78602073605,21.0,17644.926365723844,32806.12094984732,19.75,2.6390573296152584,9.733862522658603,9.523122597313433,10.338860464137557
491,28,7,2023,FRONT LOAD,11971.529366679755,8855.117658037743,483.0,7.169069836688885,3116.411708642012,0.23999657964412952,29824.197768517624,642.0,11599.337773748464,31799.56157987687,684.0,6.180016653652572,9.39028655703047,9.088750837315306,10.303075348650216
492,28,7,2023,LAUNDRY CENTER,20505.522742171313,16208.597711042868,108.0,6.220779220779221,4296.925031128445,0.20308913568547488,38781.75759773945,107.0,20519.70716561009,34857.00423625748,97.0,4.68213122712422,9.92844953090142,9.693297103340765,10.565705250042427
493,28,7,2023,SINGLE TUB,4169.05644459414,2387.2272419014525,1399.0,124.42857142857142,1781.8292026926877,0.41189012293257116,4966.495418183107,1414.0,4185.403133053844,4950.8677108733345,1325.0,7.243512974665482,8.33544501690983,7.777887821598758,8.510469723110559
494,28,7,2023,TOP LOAD,10388.176297309481,6977.008413901505,4137.0,41.15693974969972,3411.167883407977,0.32558599286911694,19368.776661559958,5477.0,10508.756749937247,20137.420398611062,5799.5,8.327726166461412,9.24842354388521,8.85037550988684,9.871417598059665
495,28,7,2023,TWIN TUB,5471.614083836076,3433.7406783149854,336.0,-1.3464912280701753,2037.8734055210907,0.3721293520606683,7872.684624187909,545.0,5409.724914785267,7384.420580729,535.25,5.817111159963204,8.607328931200586,8.141405522681367,8.971154404486525
496,28,7,2023,WASHER-DRYER,16852.7940082192,14951.175065643365,14.0,0.16666666666666666,1901.6189425758337,0.09911483264518219,32606.12865003739,14.0,16879.62450028269,30910.78602073605,17.75,2.6390573296152584,9.732271738545995,9.612545175438624,10.392255545085797
497,28,7,2024,FRONT LOAD,11518.244844755618,7779.366072940379,734.0,0.41798258895782114,3738.8787718152407,0.3053799617875263,31244.92129348528,483.0,11971.529366679755,29824.197768517624,537.75,6.598509028614515,9.351687565416267,8.959230132225429,10.349612123348496
498,28,7,2024,LAUNDRY CENTER,20311.04519241303,14412.290186475111,118.0,0.3696969696969697,5898.7550059379155,0.28907613612491595,34614.496775392814,108.0,20505.522742171313,38781.75759773945,96.75,4.770684624465665,9.918920115210577,9.575836606724609,10.452027855245158
499,28,7,2024,SINGLE TUB,4162.817965058657,2154.6616247036523,1263.0,0.28215111056671566,2008.156340355005,0.47959507116794226,4926.584499909193,1399.0,4169.05644459414,4966.495418183107,1360.25,7.141245122350491,8.333947519373364,7.67538897151012,8.502401227733406
500,28,7,2024,TOP LOAD,10146.281523619691,6296.452965270896,5641.0,0.7055645035016986,3849.828558348796,0.36303726603011327,19842.999785658485,4137.0,10388.176297309481,19368.776661559958,4978.0,8.637816633739977,9.224862564993776,8.747741732437996,9.895606568283382
501,28,7,2024,TWIN TUB,5356.048823322385,2885.997273051036,573.0,0.47461001642036127,2470.0515502713492,0.45735947060100757,7283.173461465406,336.0,5471.614083836076,7872.684624187909,475.75,6.35088571671474,8.58598182240103,7.967625794444609,8.893321961243831
502,28,7,2024,WASHER-DRYER,15262.58255393045,12933.55441904039,45.0,0.9642857142857143,2329.028134890058,0.13103976388884778,29978.54545064147,14.0,16852.7940082192,32606.12865003739,16.5,3.8066624897703196,9.633159527343263,9.46758033105285,10.308237253156085
503,28,7,2025,FRONT LOAD,11669.774375887277,7763.280539624568,681.0,4.33638153019732,3906.49383626271,0.3191970177087321,30902.77140723307,734.0,11518.244844755618,31244.92129348528,561.75,6.523562306149512,9.364757391407952,8.9571602737953,10.338601148418437
504,28,7,2025,LAUNDRY CENTER,20572.819074370884,14867.276644527517,109.0,0.374025974025974,5705.542429843367,0.2743753498305827,41126.10072337092,118.0,20311.04519241303,34614.496775392814,103.25,4.6913478822291435,9.931726021111489,9.606917878399296,10.62439825301942
505,28,7,2025,SINGLE TUB,4201.058086564888,2220.5534800110436,1244.0,145.83970458553793,1980.5046065538445,0.4742606504322888,5089.252897662737,1263.0,4162.817965058657,4926.584499909193,1350.5,7.126087273299125,8.343091697916185,7.705511759112715,8.534886320316298
506,28,7,2025,TOP LOAD,10521.916012201853,6470.669848507606,6128.0,64.93953817780357,4051.246163694247,0.38055633971503877,18642.488916684662,5641.0,10146.281523619691,19842.999785658485,4842.0,8.720623711420426,9.261215600145405,8.77503491358997,9.833198604899048
507,28,7,2025,TWIN TUB,5382.680002983539,2933.1359658908073,509.0,16.606782106782106,2449.5440370927313,0.45242348613558964,7587.939915186748,573.0,5356.048823322385,7283.173461465406,456.5,6.2324480165505225,8.590941670942884,7.983827425179088,8.934315412624338
508,28,7,2025,WASHER-DRYER,16371.084653201813,12521.825848088332,27.0,0.3333333333333333,3849.258805113481,0.22543665321361928,31944.601706307014,45.0,15262.58255393045,29978.54545064147,23.5,3.295836866004329,9.703271926765279,9.435228468533118,10.37175848485125
509,29,7,2023,FRONT LOAD,11687.563584740357,8179.882280754323,584.0,6.664024328498012,3507.6813039860363,0.27857653351692707,29948.470666965914,681.0,11669.774375887277,30902.77140723307,635.0,6.369900982828227,9.366280613987735,9.009433038387412,10.307233539367251
510,29,7,2023,LAUNDRY CENTER,20203.719979104633,16845.091255347983,128.0,5.1499999999999995,3358.6287237566503,0.16039569367164083,38951.607467175454,109.0,20572.819074370884,41126.10072337092,110.5,4.852030263919617,9.913622023815824,9.731814573181158,10.570075320464651
511,29,7,2023,SINGLE TUB,4251.177854493014,2364.5990380308185,1463.0,144.2941176470588,1886.5788164621952,0.44087960584086855,4911.5424964046615,1244.0,4201.058086564888,5089.252897662737,1330.0,7.288244401020124,8.354951365755298,7.768363746607827,8.499343325506416
512,29,7,2023,TOP LOAD,10466.507766679977,6976.228834428928,4785.0,43.989977910348294,3490.27893225105,0.32636662632576197,19439.149082554082,6128.0,10521.916012201853,18642.488916684662,5345.75,8.473241303887054,9.255935701585603,8.850263768151283,9.875044305582875
513,29,7,2023,TWIN TUB,5511.928331874172,3468.341636150951,434.0,-3.7427937915742793,2043.5866957232208,0.36859642894503675,7751.952759959183,509.0,5382.680002983539,7587.939915186748,490.75,6.073044534100405,8.614669810409069,8.151431844049393,8.95570005963552
514,29,7,2023,WASHER-DRYER,16296.246987376448,13072.586482431429,44.0,0.0,3223.6605049450186,0.18131116020938295,32401.46090154688,27.0,16371.084653201813,31944.601706307014,25.0,3.784189633918261,9.69869011411091,9.478272681640435,10.385958790317833
515,29,7,2024,FRONT LOAD,11431.907599251708,7683.959305385861,834.0,1.4341624527137182,3747.948293865848,0.3063373859147869,31698.527552197735,584.0,11687.563584740357,29948.470666965914,620.5,6.726233402358747,9.344163636936356,8.946890227854885,10.364025509329078
516,29,7,2024,LAUNDRY CENTER,19626.361128053246,14241.533924027954,132.0,0.8333333333333334,5384.827204025292,0.2587071740998617,35678.4650189905,128.0,20203.719979104633,38951.607467175454,115.75,4.882801922586371,9.884628897089012,9.563917898548636,10.482302565000323
517,29,7,2024,SINGLE TUB,4019.833738411138,2161.3758022020997,1440.0,138.331385746441,1858.4579362090383,0.45519289214950437,4918.739990248034,1463.0,4251.177854493014,4911.5424964046615,1342.25,7.272398392570047,8.298995822153582,7.678500243378479,8.500807677144183
518,29,7,2024,TOP LOAD,9968.715692509097,6063.064380722695,6954.0,51.3870221140638,3905.651311786399,0.3779435723077485,19910.395787195648,4785.0,10466.507766679977,19439.149082554082,5172.75,8.847072312567807,9.207207037457543,8.709970624640242,9.898997275675109
519,29,7,2024,TWIN TUB,5296.763417836957,2813.2199356641377,1045.0,0.545927453841123,2483.543482172819,0.4573879622507288,7335.207364174672,434.0,5511.928331874172,7751.952759959183,463.0,6.951772164398911,8.574851237121932,7.942084990881148,8.900440960685273
520,29,7,2024,WASHER-DRYER,13856.41288917158,12072.101372836694,30.0,3.5,1784.3115163348866,0.02884774421629599,30997.96841389772,44.0,16296.246987376448,32401.46090154688,32.5,3.4011973816621555,9.536503428941646,9.398652397764705,10.341676946284212
521,29,7,2025,FRONT LOAD,11606.445318132326,7725.151399699169,769.0,4.624685324990365,3881.293918433158,0.31215999308143083,30615.64154019927,834.0,11431.907599251708,31698.527552197735,708.25,6.645090969505644,9.359315853662254,8.952236700240453,10.329266318786384
522,29,7,2025,LAUNDRY CENTER,21183.06925055034,14988.228507902162,103.0,0.18,6194.84074264818,0.2956008084342989,41027.785832752066,132.0,19626.361128053246,35678.4650189905,121.75,4.634728988229636,9.960957521336,9.615020405854347,10.622004819387161
523,29,7,2025,SINGLE TUB,4182.676048241843,2217.172349647381,1447.0,111.27962962962962,1965.5036985944616,0.47170770211265456,5096.114266460119,1440.0,4019.833738411138,4918.739990248034,1352.5,7.277247726631484,8.338706523605,7.703987946625105,8.536233619775361
524,29,7,2025,TOP LOAD,10468.447513522106,6434.2400438279465,7582.0,54.27166402632524,4034.2074696941595,0.38369792506780803,18335.59356897183,6954.0,9968.715692509097,19910.395787195648,5877.0,8.93353229607628,9.256121013359307,8.769389015748956,9.816599453527738
525,29,7,2025,TWIN TUB,5388.4374590860625,3109.3749737684134,699.0,13.787878787878789,2279.0624853176496,0.4216381137994137,7433.402742704768,1045.0,5296.763417836957,7335.207364174672,640.25,6.54965074223381,8.592010725601538,8.042177011910669,8.913739006320107
526,29,7,2025,WASHER-DRYER,16753.480872272776,12757.290704430057,32.0,0.0,3996.1901678427203,0.2407300709648019,31802.40649188401,30.0,13856.41288917158,30997.96841389772,36.5,3.4657359027997265,9.726361328933043,9.453858207115138,10.367297241750405
527,30,7,2023,FRONT LOAD,11585.031585453507,8483.293406083201,696.0,3.1454412801198184,3101.7381793703066,0.2559752065721374,29900.864162739115,769.0,11606.445318132326,30615.64154019927,717.0,6.54534966033442,9.357469163272212,9.045854026747405,10.30564266072498
528,30,7,2023,LAUNDRY CENTER,19909.297240186,15880.005794236866,186.0,0.0625,4029.291445949133,0.19656776676626478,39522.92235883212,103.0,21183.06925055034,41027.785832752066,118.0,5.225746673713202,9.898942099608876,9.672816099677437,10.584636095454632
529,30,7,2023,SINGLE TUB,4246.66448592099,2354.6470337790297,1453.0,113.13028705785081,1892.0174521419608,0.4420410420065984,4867.9843965884365,1447.0,4182.676048241843,5096.114266460119,1398.5,7.2813856635702825,8.353889126938522,7.7641461157181135,8.490435248799988
530,30,7,2023,TOP LOAD,10348.563393743758,6825.2369986226,5048.0,28.35858945314934,3523.326395121158,0.34002558522838033,19544.143108539127,7582.0,10468.447513522106,18335.59356897183,6362.25,8.52674740422105,9.244602986522716,8.828382344523167,9.880430935287924
531,30,7,2023,TWIN TUB,5456.800915190368,3380.601991752058,662.0,-3.886904761904762,2076.19892343831,0.3767795178342822,7804.298845755984,699.0,5388.4374590860625,7433.402742704768,671.75,6.495265555937008,8.604617984056073,8.125809076687075,8.96242999493036
532,30,7,2023,WASHER-DRYER,17040.776340611625,13365.48983184577,42.0,0.0,3675.286508765857,0.22087262688714324,32628.93553783767,32.0,16753.480872272776,31802.40649188401,33.25,3.7376696182833684,9.743364359240534,9.500431278245278,10.392954766862106
533,30,7,2024,FRONT LOAD,11236.993486407831,7810.5307266684995,773.0,0.4498119658119658,3426.4627597393333,0.2854550211138389,31460.70549590283,696.0,11585.031585453507,29900.864162739115,720.75,6.650279048587422,9.32696660425194,8.963228195284003,10.356494601532566
534,30,7,2024,LAUNDRY CENTER,20259.978282866025,14635.482892455015,135.0,0.3611111111111111,5624.495390411011,0.2780748098878741,35523.437021159676,186.0,19909.297240186,39522.92235883212,137.25,4.90527477843843,9.916402705880383,9.59120419430798,10.47794795540797
535,30,7,2024,SINGLE TUB,4075.4170784963976,2182.588601302939,1401.0,0.218501047207874,1892.8284771934593,0.4569036398431079,4912.628395932768,1453.0,4246.66448592099,4867.9843965884365,1450.75,7.244941546337007,8.312728370988767,7.68826688313394,8.499564392412607
536,30,7,2024,TOP LOAD,10160.223905727553,6269.426575075745,6807.0,0.55981113090648,3890.7973306518065,0.37726582185463853,19917.80160538725,5048.0,10348.563393743758,19544.143108539127,6092.25,8.825706773447951,9.226235758854951,8.74344017411385,9.899369163873008
537,30,7,2024,TWIN TUB,5389.864749913067,2924.6261708380684,726.0,0.4008905852417303,2465.238579074998,0.4507502549882066,7374.452645109351,662.0,5456.800915190368,7804.298845755984,710.0,6.587550014824796,8.592275570807706,7.980921946656536,8.905776960841466
538,30,7,2024,WASHER-DRYER,13774.496973966901,12054.080561769442,41.0,1.3095238095238095,1720.4164121974597,0.025241815951393354,31223.745874665816,42.0,17040.776340611625,32628.93553783767,37.0,3.713572066704308,9.530574116037965,9.397158517426117,10.34893417004517
539,30,7,2025,FRONT LOAD,11917.148944023113,7886.836349589872,625.0,4.43377595566573,4030.3125944332414,0.3318226046136676,30441.036345970602,773.0,11236.993486407831,31460.70549590283,768.0,6.437751649736401,9.385733729462236,8.972950363796372,10.323546856927315
540,30,7,2025,LAUNDRY CENTER,21094.794489087006,15273.799842911043,84.0,0.2424242424242424,5820.994646175962,0.2735174491317783,39912.377748207844,135.0,20259.978282866025,35523.437021159676,139.0,4.430816798843313,9.956781582348718,9.63389421093082,10.59444177402324
541,30,7,2025,SINGLE TUB,4196.927347832752,2248.4999474668484,1415.0,123.57777777777777,1948.4274003659032,0.46525598637085924,5142.794597970322,1401.0,4075.4170784963976,4912.628395932768,1435.25,7.254884810077338,8.34210795268406,7.718018582847119,8.54535190680321
542,30,7,2025,TOP LOAD,10624.858040337811,6543.758006672216,7193.0,49.524319024791225,4081.1000336655957,0.3865270839554519,18249.03439155541,6807.0,10160.223905727553,19917.80160538725,6597.75,8.880863609867356,9.270951632793977,8.786266898178322,9.811867447559093
543,30,7,2025,TWIN TUB,5394.1885588683945,3051.3477429406307,634.0,12.83944658944659,2342.8408159277633,0.4331708153214756,7395.684784703273,726.0,5389.864749913067,7374.452645109351,783.0,6.452048954437226,8.593077460238929,8.023338654931301,8.908651971899376
544,30,7,2025,WASHER-DRYER,16606.79946246044,12416.358003530666,29.0,0.4,4190.441458929774,0.24632818818393756,31749.5484720986,41.0,13774.496973966901,31223.745874665816,36.25,3.367295829986474,9.717567496651242,9.426770076054558,10.365633782868487
545,31,7,2023,FRONT LOAD,11768.662014006612,8344.493064796521,469.0,2.867861690516614,3424.1689492100895,0.2762296508701592,29762.72463442677,625.0,11917.148944023113,30441.036345970602,715.75,6.150602768446279,9.373195516138034,9.029357087072382,10.301012038332424
546,31,7,2023,LAUNDRY CENTER,20092.877367714085,16584.86946194874,116.0,0.26515151515151514,3508.007905765344,0.16789598556681254,39526.89346743679,84.0,21094.794489087006,39912.377748207844,127.0,4.7535901911063645,9.908120671431671,9.716246080499936,10.584736566494737
547,31,7,2023,SINGLE TUB,4208.916538796326,2238.679308980521,1343.0,126.80064407814407,1970.2372298158045,0.47070037609434323,4878.7367640536095,1415.0,4196.927347832752,5142.794597970322,1429.0,7.202661196523238,8.344960539350003,7.713641376764949,8.492641605512125
548,31,7,2023,TOP LOAD,10426.908076308122,6793.598980668768,3693.0,26.688278018795717,3633.3090956393553,0.3448898205983364,19286.272871542722,7193.0,10624.858040337811,18249.03439155541,6657.5,8.214194414852564,9.252145058821714,8.823736121466057,9.867148871655436
549,31,7,2023,TWIN TUB,5459.452973568911,3430.359023520388,499.0,-5.998002496878901,2029.093950048523,0.36852252000451746,7679.999385795313,634.0,5394.1885588683945,7395.684784703273,680.25,6.212606095751519,8.605103875728757,8.140420206262586,8.946374746167146
550,31,7,2023,WASHER-DRYER,17518.665841609072,14575.769684486164,18.0,0.0,2942.8961571229056,0.17226110870805195,32751.72801750696,29.0,16606.79946246044,31749.5484720986,36.0,2.8903717578961645,9.771022210997689,9.587115818365445,10.396711003564775
551,31,7,2024,FRONT LOAD,11572.209863316815,7695.787691566107,601.0,0.49638087606837605,3876.4221717507094,0.3224220212696553,31457.94445496512,469.0,11768.662014006612,29762.72463442677,640.75,6.398594934535208,9.356361801372024,8.948428405110302,10.356406836110336
552,31,7,2024,LAUNDRY CENTER,20578.14974152874,14875.727424952767,118.0,1.2121212121212122,5702.422316575972,0.27248196960927074,35441.328921199085,116.0,20092.877367714085,39526.89346743679,130.25,4.770684624465665,9.931985099686845,9.607486131735975,10.475633901792492
553,31,7,2024,SINGLE TUB,4102.546618163809,2171.8465809398517,1334.0,0.3694257388701833,1930.7000372239584,0.4649118123457401,4905.091765171904,1343.0,4208.916538796326,4878.7367640536095,1403.0,7.195937226475569,8.319363186254664,7.683333043632659,8.498029080320263
554,31,7,2024,TOP LOAD,10353.253215470042,6292.474506532708,5923.0,0.7315037331449232,4060.778708937334,0.3882709547708023,20306.41081236294,3693.0,10426.908076308122,19286.272871542722,5685.25,8.686598356276965,9.245056069640498,8.747109675596052,9.918691918739105
555,31,7,2024,TWIN TUB,5478.6098209558995,3002.8323903401583,499.0,0.7265951103160405,2475.7774306157417,0.4521866434863048,7387.997481697822,499.0,5459.452973568911,7679.999385795313,630.25,6.212606095751519,8.608606665451944,8.007311252353126,8.907612000455215
556,31,7,2024,WASHER-DRYER,16053.189593678006,11924.253749533122,30.0,2.5208333333333335,4128.935844144882,0.25348704928349336,31538.282354252293,18.0,17518.665841609072,32751.72801750696,32.5,3.4011973816621555,9.683662837392323,9.386329735142914,10.358957399752278
557,31,7,2025,FRONT LOAD,12204.97853000493,8041.744158408737,573.0,5.2747690434198375,4163.234371596193,0.32831174282615866,31137.655121755382,601.0,11572.209863316815,31457.94445496512,617.0,6.35088571671474,9.409599223710801,8.992401273771454,10.346173141388789
558,31,7,2025,LAUNDRY CENTER,20837.51704794592,15145.035150020682,78.0,0.09090909090909091,5692.481897925239,0.2049542685114208,39868.84201791601,118.0,20578.14974152874,35441.328921199085,113.25,4.356708826689592,9.944510345196491,9.625428044357996,10.593350396008697
559,31,7,2025,SINGLE TUB,4260.026699145722,2233.4685040082713,1370.0,124.49444444444445,2026.558195137451,0.4786073409556868,4914.190399295607,1334.0,4102.546618163809,4905.091765171904,1373.25,7.222566018822171,8.357030706648874,7.711311039062242,8.499882298625907
560,31,7,2025,TOP LOAD,10568.535069464686,6477.090055216732,6313.0,48.351248331960534,4091.445014247954,0.38461948915891503,18281.979865743433,5923.0,10353.253215470042,20306.41081236294,5904.0,8.750366278367625,9.26563647602044,8.776026622933216,9.813671146897297
561,31,7,2025,TWIN TUB,5468.576052949138,3060.034694568796,536.0,17.21220238095238,2408.5413583803424,0.44013339381805433,7414.911171011512,499.0,5478.6098209558995,7387.997481697822,589.5,6.284134161070802,8.606773542139328,8.026181532976528,8.911248274865956
562,31,7,2025,WASHER-DRYER,16935.15699015938,13272.898422432245,28.0,0.0,3662.2585677271336,0.20437450901648965,32308.970245269462,30.0,16053.189593678006,31538.282354252293,29.5,3.332204510175204,9.737147035368892,9.49347952264975,10.383100187226448
563,32,8,2023,FRONT LOAD,11500.37677780526,8394.274965109073,390.0,3.1709444659817794,3106.1018126961885,0.2545373105684778,29680.912097042376,573.0,12204.97853000493,31137.655121755382,567.0,5.966146739123692,9.35013507710205,9.035305200696682,10.298259427841554
564,32,8,2023,LAUNDRY CENTER,20884.15099468157,16724.11502341025,61.0,0.4333333333333333,4160.03597127132,0.1926917200283586,39494.04027010687,78.0,20837.51704794592,39868.84201791601,99.0,4.110873864173311,9.94674582466527,9.724606970197975,10.583905060267995
565,32,8,2023,SINGLE TUB,4275.528387153015,2378.4069143300226,1207.0,113.75916090805046,1897.121472822992,0.44527531377004553,4901.238321745795,1370.0,4260.026699145722,4914.190399295607,1365.5,7.095893221097532,8.36066297306713,7.774186178814721,8.497243170894352
566,32,8,2023,TOP LOAD,10507.656981015109,6834.368767939806,3845.0,29.13743323642964,3673.288213075302,0.33634217472742417,19198.073245548778,6313.0,10568.535069464686,18281.979865743433,5780.5,8.254528881939745,9.259859506669182,8.829719391994912,9.86256520118596
567,32,8,2023,TWIN TUB,5354.994714760484,3419.95470953488,396.0,9.220992622401074,1935.0400052256045,0.3518965654537544,7774.797697356882,536.0,5468.576052949138,7414.911171011512,542.0,5.981414211254481,8.58578499590853,8.137382587142906,8.958642717076364
568,32,8,2023,WASHER-DRYER,18088.946667090702,13596.087303671166,10.0,0.0,4492.859363419538,0.2552578350837487,32010.612388884983,28.0,16935.15699015938,32308.970245269462,26.25,2.302585092994046,9.803056349335892,9.517537332071587,10.373822763955074
569,32,8,2024,FRONT LOAD,11883.575998300588,7709.3094852155355,530.0,0.376891181988743,4174.266513085053,0.33443245786294035,31672.98037969066,390.0,11500.37677780526,29680.912097042376,508.25,6.272877006546167,9.38291255758019,8.950183901614718,10.36321924245222
570,32,8,2024,LAUNDRY CENTER,19959.253975650277,14466.238673368818,86.0,0.3609022556390977,5493.01530228146,0.26842527129149296,33972.75974052315,61.0,20884.15099468157,39494.04027010687,93.25,4.454347296253507,9.901448173197531,9.579572846192574,10.433314298376526
571,32,8,2024,SINGLE TUB,4123.159433748244,2158.2824874009902,1223.0,0.22688672126874376,1964.8769463472538,0.46953323297351,4891.941056233104,1207.0,4275.528387153015,4901.238321745795,1313.5,7.109062135687172,8.324375001313673,7.677068039661204,8.495344447722434
572,32,8,2024,TOP LOAD,10415.341710099772,6340.28451388643,5235.0,0.5606670390164956,4075.0571962133404,0.3881347042789558,20345.99760648084,3845.0,10507.656981015109,19198.073245548778,4943.5,8.563122123304638,9.25103516257594,8.754678922431697,9.920639493712914
573,32,8,2024,TWIN TUB,5671.202736484018,3044.549720685512,604.0,0.16404135210501256,2626.653015798506,0.46744485216735315,7376.895030981022,396.0,5354.994714760484,7774.797697356882,482.5,6.403574197934815,8.643156497063618,8.021108294229288,8.906108101554521
574,32,8,2024,WASHER-DRYER,16753.57571801663,12084.624638554285,21.0,1.6666666666666667,4668.951079462343,0.28045078829690107,31618.073505299984,10.0,18088.946667090702,32010.612388884983,21.5,3.044522437723423,9.726366990173002,9.399689232543855,10.36148418244627
575,33,8,2023,FRONT LOAD,11718.619699809084,8292.838085511368,486.0,2.0284516116734337,3425.7816142977176,0.24954702746831417,30277.205808409857,530.0,11883.575998300588,31672.98037969066,523.5,6.186208623900494,9.36893428314138,9.023147540024665,10.318150424839367
576,33,8,2023,LAUNDRY CENTER,20335.331052996513,15832.477894922311,52.0,0.1476190476190476,4502.853158074202,0.21444538254387374,39284.0524513585,86.0,19959.253975650277,33972.75974052315,85.75,3.9512437185814275,9.920115098169296,9.669818672205958,10.578573925460525
577,33,8,2023,SINGLE TUB,4187.791483114806,2431.9250527253885,1357.0,132.11987240829345,1755.866430389418,0.41555260495425256,4906.831120931764,1223.0,4123.159433748244,4891.941056233104,1283.5,7.213031659834869,8.339928781618818,7.796438425475258,8.498383619547338
578,33,8,2023,TOP LOAD,10442.772833159466,7001.450833488175,4668.0,35.61523740837014,3441.32199967129,0.3273059377962334,19136.573427587802,5235.0,10415.341710099772,20345.99760648084,5329.0,8.448485993406447,9.253665423217905,8.853872668488547,9.859356622207942
579,33,8,2023,TWIN TUB,5390.56736353087,3229.9203049964203,510.0,11.535294117647059,2160.647058534451,0.39147629294851644,7740.195992631566,604.0,5671.202736484018,7376.895030981022,508.75,6.234410725718371,8.592405920613986,8.080212742536588,8.954182288308598
580,33,8,2023,WASHER-DRYER,16594.273854484694,13240.821516294167,21.0,0.0,3353.452338190528,0.18797090055771878,31599.19216463067,21.0,16753.57571801663,31618.073505299984,22.25,3.044522437723423,9.716812966311188,9.49105987562457,10.360886834837807
581,33,8,2024,FRONT LOAD,11844.049828030698,7699.711330956043,621.0,0.3123811226844448,4144.3384970746565,0.3422066513766292,31729.017080914193,486.0,11718.619699809084,30277.205808409857,494.75,6.431331081933479,9.379580896239878,8.948938117652798,10.364986906502537
582,33,8,2024,LAUNDRY CENTER,20486.232345523138,14642.18687515734,79.0,0.5522875816993463,5844.045470365799,0.28478620462624377,34033.01148806382,52.0,20335.331052996513,39284.0524513585,69.25,4.3694478524670215,9.927508346605654,9.59166215307811,10.435086258673932
583,33,8,2024,SINGLE TUB,4179.325904323233,2223.0333151327504,1138.0,0.28140312009600293,1956.292589190482,0.46053420212310425,4905.085490198317,1357.0,4187.791483114806,4906.831120931764,1289.25,7.037027614686276,8.337905245605578,7.706627900416339,8.498027801041934
584,33,8,2024,TOP LOAD,10453.744650644237,6291.270608767541,5251.0,0.5855398788077404,4162.474041876697,0.3965956056224808,19984.979679765846,4668.0,10442.772833159466,19136.573427587802,5015.25,8.566173813637858,9.254715532979162,8.746918333867846,9.902736254370618
585,33,8,2024,TWIN TUB,5566.961570378015,3022.0436031341105,552.0,0.4475877192982456,2544.9179672439036,0.4610038682630467,7434.6463815254865,510.0,5390.56736353087,7740.195992631566,511.5,6.313548046277095,8.624604685048133,8.013688571297129,8.913906296435067
586,33,8,2024,WASHER-DRYER,17320.670260522675,14668.604226873353,20.0,1.0,2652.066033649322,0.15818168940474991,32029.303188941125,21.0,16594.273854484694,31599.19216463067,20.0,2.995732273553991,9.759655880012149,9.593464721884738,10.374406487416238
587,34,8,2023,FRONT LOAD,12163.930890655929,8452.434910802338,508.0,1.903146562131244,3711.495979853592,0.29909243722331424,29813.772354387813,621.0,11844.049828030698,31729.017080914193,506.75,6.230481447578482,9.406230367315802,9.042209833967043,10.302725725273882
588,34,8,2023,LAUNDRY CENTER,21623.513557071263,16348.20627538347,59.0,0.4834710743801653,5275.307281687793,0.24493736371807354,39233.88178647621,79.0,20486.232345523138,34033.01148806382,69.5,4.07753744390572,9.981536592192308,9.701873462379428,10.577295983747023
589,34,8,2023,SINGLE TUB,4159.64527978628,2370.622473746216,1317.0,138.81220683641774,1789.0228060400646,0.42623134944713303,4897.693756499111,1138.0,4179.325904323233,4905.085490198317,1231.25,7.183111701743281,8.333185080337532,7.7709078467937545,8.496519711363664
590,34,8,2023,TOP LOAD,10470.392142898825,6858.1385655877875,4250.0,34.65440082619103,3612.2535773110376,0.34472717997327496,19175.096027301337,5251.0,10453.744650644237,19984.979679765846,4749.75,8.354674261918463,9.256306757117244,8.83319133777468,9.861367634165621
591,34,8,2023,TWIN TUB,5267.581284966033,3198.218478536896,424.0,11.791319444444444,2069.362806429138,0.3812287953269432,7632.894283750059,552.0,5566.961570378015,7434.6463815254865,515.5,6.049733455231958,8.569326576971912,8.070349208301439,8.940222381807375
592,34,8,2023,WASHER-DRYER,17459.29625036346,13949.070078196715,20.0,0.0,3510.226172166746,0.20009971116793432,31361.185044529393,20.0,17320.670260522675,32029.303188941125,18.0,2.995732273553991,9.767627522187423,9.543168123966398,10.353326262160119
593,34,8,2024,FRONT LOAD,11765.306590143315,7772.054037233553,597.0,0.2935986555813847,3993.2525529097647,0.32980160943146847,31758.773912349585,508.0,12163.930890655929,29813.772354387813,536.25,6.391917113392602,9.372910360332614,8.958289763282417,10.365924309841
594,34,8,2024,LAUNDRY CENTER,20097.82603542873,14670.108825431194,96.0,0.23333333333333334,5427.717209997538,0.265647601977103,34214.28773670844,59.0,21623.513557071263,39233.88178647621,69.0,4.564348191467836,9.908366930756372,9.593567289339314,10.440398605888268
595,34,8,2024,SINGLE TUB,4060.499236110101,2170.1947395029656,1141.0,0.18921703296703296,1890.3044966071348,0.46008866337138987,4978.744742051945,1317.0,4159.64527978628,4897.693756499111,1258.75,7.039660349862076,8.309061209595395,7.682572184214395,8.512933078417355
596,34,8,2024,TOP LOAD,10416.564883862278,6355.5476671190845,4866.0,0.5080129756873136,4061.0172167431933,0.3913327392914597,20258.324357722555,4250.0,10470.392142898825,19175.096027301337,4851.0,8.490027523343468,9.251152595299478,8.757083358843342,9.916321067458407
597,34,8,2024,TWIN TUB,5529.771019745646,3013.998370815449,573.0,0.4340532153032153,2515.772648930197,0.4576747055150477,7376.6773028617845,424.0,5267.581284966033,7632.894283750059,522.5,6.35088571671474,8.617901686741487,8.011022838647293,8.906078586246048
598,34,8,2024,WASHER-DRYER,15353.817319656464,12739.633061694089,38.0,1.4375,2614.184257962373,0.14786587843744697,32254.857414283408,20.0,17459.29625036346,31361.185044529393,20.5,3.6375861597263857,9.639119407417914,9.452473126646538,10.381423928379402
599,35,8,2023,FRONT LOAD,11929.861695338916,16014.166423616367,552.0,2.159260225062112,-4084.304728277451,-0.3999621330570498,29906.333241591932,597.0,11765.306590143315,31758.773912349585,553.0,6.313548046277095,9.386799922010422,9.681229010961268,10.305825551049404
600,35,8,2023,LAUNDRY CENTER,21379.220414629788,16605.46545410787,51.0,0.2166666666666667,4773.754960521919,0.2219526157921424,39198.60656781073,96.0,20097.82603542873,34214.28773670844,71.5,3.9318256327243257,9.970174720613475,9.717487164379015,10.576396478407231
601,35,8,2023,SINGLE TUB,4113.252113940186,2333.8003691265985,1278.0,87.0093253968254,1779.4517448135873,0.4265898812353475,4911.692851460273,1141.0,4060.499236110101,4978.744742051945,1238.25,7.15305163493748,8.32196926320091,7.755253277537475,8.49937393763171
602,35,8,2023,TOP LOAD,10667.61733324577,14920.192783647806,5082.0,36.87663079716749,-4252.57545040204,-0.47259663443719774,19020.59848659485,4866.0,10416.564883862278,20258.324357722555,4758.75,8.53346016388011,9.27496801413415,9.610470794830293,9.85327780177651
603,35,8,2023,TWIN TUB,5282.377736621246,3145.6338351547424,510.0,2.2574404761904763,2136.7439014665033,0.389738828399164,7557.137232176612,573.0,5529.771019745646,7376.6773028617845,514.75,6.234410725718371,8.572131604238216,8.053770686238698,8.930247724466344
604,35,8,2023,WASHER-DRYER,17556.922167030127,13970.54777986338,27.0,0.0,3586.374387166746,0.20316839101294373,31546.854815869636,38.0,15353.817319656464,32254.857414283408,24.75,3.295836866004329,9.773203576600535,9.544706662639276,10.35922917412116
605,35,8,2024,FRONT LOAD,11501.087117924633,7529.876343997502,676.0,0.2859857930287139,3971.210773927132,0.33241498851340057,31700.18614497479,552.0,11929.861695338916,29906.333241591932,569.5,6.516193076042964,9.35019684187692,8.92663389887922,10.364077831929356
606,35,8,2024,LAUNDRY CENTER,18728.75494388556,14233.539994111867,88.0,0.27884615384615385,4495.214949773695,-0.17885156758189277,34314.360989968314,51.0,21379.220414629788,39198.60656781073,71.25,4.477336814478207,9.837815319330385,9.563356429935837,10.44331923328295
607,35,8,2024,SINGLE TUB,4076.4597565569165,2171.992957903246,1101.0,0.19940402326791076,1904.4667986536704,0.463144939532037,4970.412349114146,1278.0,4113.252113940186,4911.692851460273,1218.5,7.00397413672268,8.31298418399657,7.683400438830912,8.511258083277651
608,35,8,2024,TOP LOAD,10382.431326435115,6408.925719806362,5062.0,0.5495820631591369,3973.5056066287534,0.3781691569594463,20023.129046792794,5082.0,10667.61733324577,19020.59848659485,4862.25,8.529516941105069,9.247870361125713,8.765446941455219,9.904643336699854
609,35,8,2024,TWIN TUB,5479.947464595102,2990.650445679628,636.0,0.40533396457174414,2489.2970189154744,0.451174686159492,7379.279554012504,510.0,5282.377736621246,7557.137232176612,514.75,6.455198563340122,8.60885079314339,8.003246183087338,8.906431291421718
610,35,8,2024,WASHER-DRYER,15624.080108307382,13399.654878710153,43.0,1.2777777777777777,2224.4252295972287,0.11712239325524806,32880.15182569752,27.0,17556.922167030127,31546.854815869636,26.25,3.7612001156935624,9.656568599803187,9.502984230287192,10.400624466729331
611,36,9,2023,FRONT LOAD,11710.801881530033,8275.284237587804,464.0,2.210754605440154,3435.5176439422285,0.2696589533664705,29710.945202390496,676.0,11501.087117924633,31700.18614497479,583.25,6.139884552226255,9.368266932601628,9.02102854860856,10.299270782235022
612,36,9,2023,LAUNDRY CENTER,20911.729676079292,16063.682751549122,51.0,0.4166666666666667,4848.046924530171,0.22967470378512386,39222.332688111666,88.0,18728.75494388556,34314.360989968314,73.5,3.9318256327243257,9.948065509043616,9.68431627326439,10.577001574986028
613,36,9,2023,SINGLE TUB,4203.771265157009,2373.285046540037,1418.0,150.78195537008958,1830.486218616972,0.4318078423183673,4918.024448748038,1101.0,4076.4597565569165,4970.412349114146,1209.25,7.257002707092073,8.343737321657684,7.772030369971965,8.500662194042357
614,36,9,2023,TOP LOAD,10390.546820361016,6993.433585505666,5135.0,42.143765693150286,3397.11323485535,0.3241165177881077,18799.27604495766,5062.0,10382.431326435115,20023.129046792794,4815.0,8.543835122362658,9.248651712194532,8.852726928571087,9.841573639829646
615,36,9,2023,TWIN TUB,5247.919842823727,3295.394766751352,518.0,9.067796610169491,1952.5250760723745,0.3585055827747671,7591.608022492128,636.0,5479.947464595102,7379.279554012504,535.75,6.249975242259483,8.565587056655092,8.100281247575506,8.934798708621273
616,36,9,2023,WASHER-DRYER,18512.628579757475,13679.135302751623,14.0,0.0,4833.4932770058485,0.27265666917986914,31485.261287303372,43.0,15624.080108307382,32880.15182569752,32.0,2.6390573296152584,9.826208404116146,9.523626980315592,10.35727481967524
617,36,9,2024,FRONT LOAD,11564.986580886827,7685.881769525324,742.0,0.3420118711076158,3879.104811361506,0.3210365514068589,31519.598658052844,464.0,11710.801881530033,29710.945202390496,572.25,6.60934924316738,9.355737414343796,8.947140388431057,10.358364810960955
618,36,9,2024,LAUNDRY CENTER,20450.58804993566,14711.68339879405,76.0,0.26851851851851855,5738.90465114161,0.27952090160190163,33567.168446334545,51.0,20911.729676079292,39222.332688111666,71.5,4.330733340286331,9.925766916555594,9.596397246122887,10.421303738675608
619,36,9,2024,SINGLE TUB,4111.615723282619,2086.211235936557,1288.0,0.22203208556149734,2025.404487346062,0.49094897661606296,4952.456700579464,1418.0,4203.771265157009,4918.024448748038,1234.5,7.160845906664299,8.321571350258953,7.643104894066001,8.50763903559243
620,36,9,2024,TOP LOAD,10305.120025016498,6377.807914913689,5612.0,0.49899924795704065,3927.312110102808,0.3796507379315824,20105.1090239321,5135.0,10390.546820361016,18799.27604495766,5036.25,8.632662441222351,9.240396140516944,8.760579730295174,9.908729242043957
621,36,9,2024,TWIN TUB,5203.361424323311,2854.7568407953886,663.0,0.5210592160133445,2348.604583527923,0.42247214082538176,7381.597346428058,518.0,5247.919842823727,7591.608022492128,559.25,6.4967749901858625,8.557060123479578,7.9567419488641615,8.906745336779625
622,36,9,2024,WASHER-DRYER,16532.108449356765,13591.596639453406,32.0,1.0833333333333333,2940.511809903359,0.1813801926336266,31475.066280635936,14.0,18512.628579757475,31485.261287303372,30.5,3.4657359027997265,9.713059735576037,9.517206986591038,10.356950964728787
623,37,9,2023,FRONT LOAD,11903.354399314825,8330.976515715347,428.0,1.8074671445639188,3572.377883599478,0.29433030430059587,29437.431637014004,742.0,11564.986580886827,31519.598658052844,608.5,6.059123195581797,9.384575521673634,9.027735957067485,10.290022328446573
624,37,9,2023,LAUNDRY CENTER,20493.597263523036,16856.50781800056,42.0,0.17777777777777776,3637.0894455224725,0.1737145842534937,39009.375539287925,76.0,20450.58804993566,33567.168446334545,66.5,3.7376696182833684,9.92786778773313,9.732492081869362,10.571557294663988
625,37,9,2023,SINGLE TUB,4263.50855405698,2287.7529227741543,1243.0,180.8525411220246,1975.7556312828256,0.4655633603652922,4894.572109659976,1288.0,4111.615723282619,4952.456700579464,1271.25,7.1252830915107115,8.35784770452628,7.735325358370523,8.495882137386905
626,37,9,2023,TOP LOAD,10308.276185069497,6894.955653645052,4537.0,46.52380656731702,3413.3205314244456,0.3190340596106044,19119.042213382025,5612.0,10305.120025016498,20105.1090239321,5222.75,8.420021279663963,9.24070236468743,8.838545358538125,9.858440091908312
627,37,9,2023,TWIN TUB,5450.311429466806,3205.33061304107,426.0,6.049546485260771,2244.980816425735,0.4120716571370851,7646.298450452886,663.0,5203.361424323311,7381.597346428058,581.75,6.054439346269371,8.603428029046121,8.072570519429648,8.94197694703536
628,37,9,2023,WASHER-DRYER,14491.620333672565,13278.930769732833,10.0,0.0,1212.6895639397294,-0.4531239095703062,31410.132079081017,32.0,16532.108449356765,31475.066280635936,29.0,2.302585092994046,9.58132585333288,9.493933905461626,10.354885797524839
629,37,9,2024,FRONT LOAD,11753.076557498607,7630.971127993612,611.0,2.288858204270549,4122.105429504998,0.3424667820419953,31462.914803813594,428.0,11903.354399314825,29437.431637014004,577.5,6.415096959171596,9.371870319980319,8.939970393767027,10.35656482342702
630,37,9,2024,LAUNDRY CENTER,20194.255314171085,15032.53672602219,99.0,0.11188811188811189,5161.718588148895,0.24507242452758565,34471.204065853875,42.0,20493.597263523036,39009.375539287925,64.25,4.59511985013459,9.913153452555111,9.617972246018818,10.447879589735015
631,37,9,2024,SINGLE TUB,4137.858535541117,2078.9020998440415,1277.0,490.88733636582,2058.9564356970754,0.4976738476878939,4960.584990475164,1243.0,4263.50855405698,4894.572109659976,1262.5,7.152268856032539,8.327933671046658,7.639595196727137,8.509278954392464
632,37,9,2024,TOP LOAD,10277.971356610316,6167.5270524680745,5390.0,89.69864586452795,4110.444304142242,0.39737598757395537,20277.908410184056,4537.0,10308.276185069497,19119.042213382025,5086.5,8.592300663903043,9.237758180684146,8.727053234687864,9.917287316793777
633,37,9,2024,TWIN TUB,5532.089599254567,3084.998314288149,716.0,0.5526961229606482,2447.091284966418,0.441306250314151,7562.881201080133,426.0,5450.311429466806,7646.298450452886,560.75,6.573680166960646,8.618320889192635,8.034306389917345,8.931007507823116
634,37,9,2024,WASHER-DRYER,16597.543948695387,13610.179912502348,19.0,1.277777777777778,2987.364036193041,0.18406143886684087,31042.875506627577,10.0,14491.620333672565,31410.132079081017,24.75,2.9444389791664403,9.717010008500361,9.518573314698651,10.343124608750896
635,38,9,2023,FRONT LOAD,11915.670920097222,8194.433419182515,444.0,3.62797246453448,3721.2375009147086,0.3050049066482601,28942.19049066961,611.0,11753.076557498607,31462.914803813594,561.25,6.095824562432225,9.385609696810103,9.011210351409249,10.273055688083673
636,38,9,2023,LAUNDRY CENTER,21120.783870846266,17004.462979929853,46.0,0.22727272727272724,4116.320890916411,0.19223996452871372,38955.10549122017,99.0,20194.255314171085,34471.204065853875,67.0,3.828641396489095,9.958012852228338,9.741231116815015,10.57016512078902
637,38,9,2023,SINGLE TUB,4228.746728324276,2280.7564392385366,1497.0,198.28722825162453,1947.9902890857395,0.46346695850431685,4936.375829666247,1277.0,4137.858535541117,4960.584990475164,1306.5,7.311218384419629,8.349660946420194,7.73226243852031,8.50438670321874
638,38,9,2023,TOP LOAD,10369.381049014795,6981.510154470841,5805.0,61.20080816496499,3387.8708945439544,0.32338990986567967,19945.21447590988,5390.0,10277.971356610316,20277.908410184056,5168.5,8.666474894131992,9.246612612751296,8.851020526863874,9.900744517648944
639,38,9,2023,TWIN TUB,5282.669833176659,3326.413896491286,639.0,7.655128205128205,1956.2559366853739,0.35941945949481385,7657.660391634418,716.0,5532.089599254567,7562.881201080133,580.75,6.459904454377535,8.572186899125164,8.109650094731892,8.943461784179302
640,38,9,2023,WASHER-DRYER,18538.600500339227,13842.306984335399,6.0,0.0,4696.29351600383,0.26299468710795404,31106.42225499214,19.0,16597.543948695387,31042.875506627577,18.75,1.791759469228055,9.827610350852082,9.5354849049001,10.345169580224391
641,38,9,2024,FRONT LOAD,11855.136302368166,7733.911731324634,612.0,2.4014195526695525,4121.224571043531,0.3451114740424475,31064.93007010374,444.0,11915.670920097222,28942.19049066961,556.25,6.416732282512326,9.380516495891712,8.95337005903315,10.343834811412169
642,38,9,2024,LAUNDRY CENTER,20199.153191239926,14847.939271050274,79.0,0.33116883116883117,5351.213920189648,0.2544882704440142,34979.29188855344,46.0,21120.783870846266,38955.10549122017,65.75,4.3694478524670215,9.91339596128483,9.605616364975207,10.462511505044464
643,38,9,2024,SINGLE TUB,4247.602054488895,2183.3407879435003,1417.0,523.6095954094534,2064.2612665453953,0.4879480021379693,4909.343135964892,1497.0,4228.746728324276,4936.375829666247,1326.25,7.256297239690681,8.354109880211864,7.688611454280626,8.49889543097656
644,38,9,2024,TOP LOAD,10428.967867715186,6332.366167385793,6601.0,88.8613617278711,4096.601700329394,0.392855310223586,20226.51505643467,5805.0,10369.381049014795,19945.21447590988,5336.0,8.79497643168877,9.252342585065088,8.753429247406276,9.914749649204369
645,38,9,2024,TWIN TUB,5424.34629321446,3042.509960241763,583.0,0.6385617367706921,2381.8363329726967,0.43433852858485855,7611.126741410032,639.0,5282.669833176659,7657.660391634418,611.0,6.368187186350492,8.598652672201435,8.02043809855945,8.937366500527904
646,38,9,2024,WASHER-DRYER,17117.69955970475,13291.55051522989,30.0,1.074074074074074,3826.14904447486,0.22924663799794986,31458.12858226218,6.0,18538.600500339227,31106.42225499214,16.75,3.4011973816621555,9.7478682691545,9.494883812714765,10.356412689218713
647,39,9,2023,FRONT LOAD,11911.526083905368,8444.670691541254,521.0,3.4600307862874145,3466.8553923641157,0.2786511135412099,28961.549205736465,612.0,11855.136302368166,31064.93007010374,523.75,6.255750041753367,9.385261788809597,9.041290833992697,10.273724339742085
648,39,9,2023,LAUNDRY CENTER,21125.545208649684,15565.948986792246,51.0,0.746556473829201,5559.596221857439,0.26531119135,40365.170267871035,79.0,20199.153191239926,34979.29188855344,66.5,3.9318256327243257,9.958238260585812,9.652841050293883,10.605722570025868
649,39,9,2023,SINGLE TUB,4096.7262785916555,2289.360594322827,1681.0,186.76642326133816,1807.3656842688288,0.4356353550046116,4952.212093150932,1417.0,4247.602054488895,4909.343135964892,1358.5,7.427144133408616,8.317943465110346,7.7360278411072,8.507589643243493
650,39,9,2023,TOP LOAD,10265.52310902907,6765.324592903604,7601.0,71.18298724434806,3500.1985161254674,0.33697344272941365,19400.15775328713,6601.0,10428.967867715186,20226.51505643467,5583.25,8.936035096566041,9.23654628860555,8.819565520666481,9.873036476631096
651,39,9,2023,TWIN TUB,5190.719666070984,3114.458756273123,627.0,6.226282051282052,2076.260909797862,0.38288964356636146,7645.779338872338,583.0,5424.34629321446,7611.126741410032,591.0,6.440946540632921,8.554627630529822,8.04381066211916,8.941909054158028
652,39,9,2023,WASHER-DRYER,17357.948000121156,14621.861580528499,15.0,0.0,2736.0864195926542,0.14868594392107945,32580.191884840227,30.0,17117.69955970475,31458.12858226218,16.25,2.70805020110221,9.761805778469848,9.590273056287355,10.39145977179002
653,39,9,2024,FRONT LOAD,11674.717667851257,7747.152085589276,736.0,2.8617891423115305,3927.565582261982,0.32367400792583684,31078.443981377837,521.0,11911.526083905368,28961.549205736465,547.0,6.601230118728877,9.365180899619533,8.955080581985518,10.34426973827906
654,39,9,2024,LAUNDRY CENTER,19048.616608086966,14550.808353811963,102.0,0.29292929292929293,4497.808254275002,0.1954240081651397,35012.41293018722,51.0,21125.545208649684,40365.170267871035,68.75,4.624972813284271,9.854749758919901,9.58540182801943,10.463457932744486
655,39,9,2024,SINGLE TUB,4110.724750584581,2242.1070560739427,1288.0,436.50791910331384,1868.617694510638,0.44255865609716916,4980.780497213707,1681.0,4096.7262785916555,4952.212093150932,1468.0,7.160845906664299,8.32135463028625,7.715171352748094,8.513341884086541
656,39,9,2024,TOP LOAD,10397.593917350734,6491.489807482841,5972.0,86.3530083785345,3906.104109867894,0.3572491291010987,19632.702142647217,7601.0,10265.52310902907,19400.15775328713,6349.25,8.69483715865908,9.249329704262085,8.778247337666262,9.8849519315234
657,39,9,2024,TWIN TUB,5416.402593827225,2972.4511274465294,534.0,0.3428224323614395,2443.951466380696,0.446897896079677,7597.33183811451,627.0,5190.719666070984,7645.779338872338,641.25,6.280395838960195,8.59718714599254,7.997142186864266,8.935552390701242
658,39,9,2024,WASHER-DRYER,17515.272305979594,12379.890695464388,18.0,0.0,5135.381610515204,0.30002848351518163,31421.722183694485,15.0,17357.948000121156,32580.191884840227,17.5,2.8903717578961645,9.770828482526412,9.423828717077186,10.355254722010066
659,40,9,2024,FRONT LOAD,11434.326220613439,7663.6042705718155,1808.0,2.6441654990251626,3770.7219500416245,0.32509303448274596,31313.924340127825,736.0,11674.717667851257,31078.443981377837,578.25,7.4999765409521215,9.344375182168491,8.94423768347569,10.351818144700951
660,40,9,2024,LAUNDRY CENTER,19807.200887232895,13898.807912132537,159.0,0.4846153846153846,5908.392975100355,0.2857914400435749,35928.65419739606,102.0,19048.616608086966,35012.41293018722,69.5,5.0689042022202315,9.893800831740037,9.539558353723953,10.489290423168825
661,40,9,2024,SINGLE TUB,4195.059754432236,2127.4524680006666,1438.0,462.0628224974201,2067.6072864315693,0.4929252274990161,4902.960966880862,1288.0,4110.724750584581,4980.780497213707,1470.75,7.271008538280992,8.341662863003014,7.662680518482634,8.497594580550986
662,40,9,2024,TOP LOAD,10108.804067105202,6194.791384898447,9561.0,88.69708723797795,3914.012682206755,0.3871519133202748,19639.351549060237,5972.0,10397.593917350734,19632.702142647217,6494.75,9.165447603085447,9.221162012940821,8.731464118742151,9.885290564513095
663,40,9,2024,TWIN TUB,5415.4269008922665,2823.6143076272783,712.0,0.4477033437463844,2591.8125932649878,0.4770491101260505,7652.355855340738,534.0,5416.402593827225,7597.33183811451,595.75,6.568077911411976,8.597006993057514,7.945773012666462,8.942768834358692
664,40,9,2024,WASHER-DRYER,16083.760596201902,13655.544254395847,97.0,1.1428571428571428,2428.2163418060554,0.12518589941624544,31555.560236607304,18.0,17515.272305979594,31421.722183694485,17.25,4.574710978503383,9.685565383313122,9.521900890630604,10.359505088150302
665,40,10,2023,FRONT LOAD,11850.604918910682,8741.864687800042,1313.0,1.9545866600014283,3108.740231110639,0.2513458640713678,29685.43212632716,1808.0,11434.326220613439,31313.924340127825,919.25,7.180069874302796,9.380134193269711,9.075878796900362,10.298411703658859
666,40,10,2023,LAUNDRY CENTER,19427.71755815722,15582.571629969754,192.0,0.46153846153846156,3845.145928187466,0.17659673928670042,39876.2711041568,159.0,19807.200887232895,35928.65419739606,97.75,5.2574953720277815,9.874456065484585,9.653908365493859,10.593536716799312
667,40,10,2023,SINGLE TUB,4108.626377740838,2379.8600323237592,2028.0,173.28075947683385,1728.7663454170777,0.4142393998353047,4966.797650703188,1438.0,4195.059754432236,4902.960966880862,1456.0,7.614805364711073,8.320844036966516,7.7747969549881475,8.510530575542493
668,40,10,2023,TOP LOAD,10151.891178390271,6875.1912083819725,7315.0,72.77607612481044,3276.6999700082993,0.31744300993953045,19290.555445238744,9561.0,10108.804067105202,19639.351549060237,7433.75,8.897682313454224,9.225415290108076,8.835674734276308,9.867370899950684
669,40,10,2023,TWIN TUB,5187.091329082731,3376.3497133313617,950.0,7.310714285714285,1810.7416157513696,0.33408264490291745,7389.372314465358,712.0,5415.4269008922665,7652.355855340738,614.0,6.856461984594587,8.553928381499793,8.124550438423059,8.907798073185406
670,40,10,2023,WASHER-DRYER,16775.037194953573,14633.837837743215,89.0,0.0,2141.199357210359,0.12907390059692012,32554.557437825428,97.0,16083.760596201902,31555.560236607304,40.0,4.48863636973214,9.727647179122288,9.591091786184219,10.390672651286605
671,41,10,2023,FRONT LOAD,11802.017429663547,8214.747622764444,688.0,2.7355317351299493,3587.2698068991053,0.2929503315940858,30025.34313154969,1313.0,11850.604918910682,29685.43212632716,1094.5,6.5337888379333435,9.376025764455843,9.01368630848569,10.30979707507771
672,41,10,2023,LAUNDRY CENTER,20558.850094199566,15416.153207202313,73.0,0.46153846153846156,5142.696886997252,0.25190769541995556,40840.268531310845,192.0,19427.71755815722,39876.2711041568,126.0,4.290459441148391,9.931046788734552,9.643171148239054,10.617423847460483
673,41,10,2023,SINGLE TUB,4170.172704166182,2328.2598924764307,1571.0,181.93478561121418,1841.9128116897505,0.43575296088507,4982.547383566412,2028.0,4108.626377740838,4966.797650703188,1608.75,7.359467638255621,8.335712729802424,7.752876440282005,8.513696562040007
674,41,10,2023,TOP LOAD,10365.074651272085,6790.779845150819,5790.0,75.83169452058752,3574.2948061212683,0.3420154261215234,18904.263407324062,7315.0,10151.891178390271,19290.555445238744,7612.25,8.663887570567042,9.246197227089201,8.823321065968184,9.847142752716136
675,41,10,2023,TWIN TUB,5196.78910998754,3142.0683620463365,560.0,7.916724738675957,2054.7207479412036,0.38005379601779576,7562.233879412267,950.0,5187.091329082731,7389.372314465358,705.75,6.327936783729195,8.55579623500239,8.052636576072935,8.930921912220727
676,41,10,2023,WASHER-DRYER,17229.44678583544,14638.720110671358,16.0,0.0,2590.7266751640823,0.15715407091392164,32346.93608500673,89.0,16775.037194953573,32554.557437825428,54.75,2.772588722239781,9.754375221393946,9.59142535955912,10.38427458400644
677,41,10,2024,FRONT LOAD,11420.347975833143,7497.32390156412,662.0,2.7480784896107475,3923.024074269022,0.32906788227726974,31596.96330645532,688.0,11802.017429663547,30025.34313154969,1136.25,6.495265555937008,9.34315195348423,8.922301422726669,10.360816297060321
678,41,10,2024,LAUNDRY CENTER,20164.09922649975,14990.45117944262,69.0,0.23611111111111108,5173.648047057132,0.24455256854601623,36172.75702309769,73.0,20558.850094199566,40840.268531310845,131.5,4.23410650459726,9.911659036163423,9.615168689338992,10.496061546069376
679,41,10,2024,SINGLE TUB,4257.619542578813,2252.3731939873915,1105.0,588.5113435717936,2005.2463485914216,0.4727322506083717,4899.6153852545085,1571.0,4170.172704166182,4982.547383566412,1581.25,7.007600613951853,8.356465490258646,7.719739692220758,8.496911988212794
680,41,10,2024,TOP LOAD,10202.359895707292,6336.047317227031,5241.0,89.61034263425624,3866.312578480259,0.3777623563669328,19975.367435525615,5790.0,10365.074651272085,18904.263407324062,7159.5,8.564267598802166,9.23037433483647,8.754010401463066,9.902255165235037
681,41,10,2024,TWIN TUB,5368.376712204107,3017.0230315782896,739.0,0.4550794990854088,2351.3536806258176,0.43098255385101963,7637.7993853883845,560.0,5196.78910998754,7562.233879412267,689.0,6.6052979209482015,8.588280853574465,8.012025873063727,8.940864802107763
682,41,10,2024,WASHER-DRYER,18348.12583357564,13817.948060238594,18.0,0.2380952380952381,4530.177773337045,0.25807360215834674,31402.211320855546,16.0,17229.44678583544,32346.93608500673,55.0,2.8903717578961645,9.817282713856596,9.533723610193695,10.354633593647744
683,42,10,2023,FRONT LOAD,11764.787375980477,8427.443115298418,702.0,4.416283476187847,3337.344260682059,0.2726035686733193,30034.254959791815,662.0,11420.347975833143,31596.96330645532,1117.75,6.553933404025811,9.372866228408308,9.039248697195006,10.310093841243011
684,42,10,2023,LAUNDRY CENTER,20072.34750371065,16025.554071155551,52.0,0.23076923076923078,4046.7934325550987,0.19616642877476423,41724.78769038014,69.0,20164.09922649975,36172.75702309769,123.25,3.9512437185814275,9.90709840075563,9.681939856614278,10.638850660209844
685,42,10,2023,SINGLE TUB,4138.492361822578,2402.4304111749907,1423.0,205.7738478108989,1736.0619506475869,0.4137056618523568,4939.749770948468,1105.0,4257.619542578813,4899.6153852545085,1535.5,7.260522598089852,8.328086836684646,7.784236175253249,8.505069955244872
686,42,10,2023,TOP LOAD,10375.348571676963,7079.923575711104,6006.0,79.39673722866934,3295.42499596586,0.3100108567628074,18708.523335026544,5241.0,10202.359895707292,19975.367435525615,6976.75,8.700514248543275,9.247187941804592,8.865018392238419,9.836734492317385
687,42,10,2023,TWIN TUB,5313.960104946378,3335.0972887407347,716.0,12.494202898550725,1978.8628162056427,0.35977069724721455,7427.078318430429,739.0,5368.376712204107,7637.7993853883845,740.25,6.573680166960646,8.5780926187542,8.112257129960431,8.912887832710025
688,42,10,2023,WASHER-DRYER,17357.830126545316,14440.760457115612,30.0,0.0,2917.0696694297058,0.1742786088855204,32502.271511155006,18.0,18348.12583357564,31402.211320855546,55.0,3.4011973816621555,9.761798987691577,9.57781007429531,10.389065258526374
689,42,10,2024,FRONT LOAD,11436.402298983203,7343.746665119103,736.0,1.65038236617184,4092.6556338641017,0.34323109799907636,31357.531741850926,702.0,11764.787375980477,30034.254959791815,841.25,6.601230118728877,9.3445567311186,8.901604436215026,10.353209764155382
690,42,10,2024,LAUNDRY CENTER,19160.32330486162,14117.52013830331,88.0,0.30324074074074076,5042.803166558312,0.2263996958001108,36672.74855170936,52.0,20072.34750371065,41724.78769038014,96.5,4.477336814478207,9.860596925331425,9.555171868023985,10.509789211943676
691,42,10,2024,SINGLE TUB,4218.521123207169,2147.0229921416203,1306.0,465.7292122284331,2071.498131065548,0.49281549815933434,4943.055575990918,1423.0,4138.492361822578,4939.749770948468,1531.75,7.174724309836376,8.347239900872312,7.671837506783537,8.505738956616385
692,42,10,2024,TOP LOAD,10346.970584573632,6234.667595309716,6164.0,82.33965843412643,4112.302989263915,0.3930400400074157,19711.54652569654,6006.0,10375.348571676963,18708.523335026544,6088.0,8.726481196440007,9.244449058706701,8.737880543992036,9.888959861081641
693,42,10,2024,TWIN TUB,5542.481287138155,2906.6076918120903,565.0,0.3743474596525655,2635.873595326064,0.47770902424938483,7586.510706134373,716.0,5313.960104946378,7427.078318430429,741.25,6.336825731146441,8.620197565235449,7.974741938514891,8.934127042172944
694,42,10,2024,WASHER-DRYER,17413.29994083965,12655.427460571927,27.0,0.6666666666666667,4757.872480267723,0.2802244577156903,31658.55927683436,30.0,17357.830126545316,32502.271511155006,38.25,3.295836866004329,9.764989557640988,9.445841450407332,10.362763826298316
695,43,10,2023,FRONT LOAD,11743.543248965467,8144.831343160683,593.0,4.801692548453111,3598.711905804784,0.3000564066458984,30063.68076085684,736.0,11436.402298983203,31357.531741850926,697.0,6.385194398997726,9.37105885780961,9.005138814027488,10.31107310294522
696,43,10,2023,LAUNDRY CENTER,20651.250853983736,17405.600911542228,55.0,0.2,3245.649942441511,0.1547048124824778,40611.42156769624,88.0,19160.32330486162,36672.74855170936,70.5,4.007333185232471,9.935531170597441,9.76454732487462,10.611804625428325
697,43,10,2023,SINGLE TUB,4145.723745642255,2420.340961465994,1175.0,225.65689186879143,1725.3827841762607,0.40995516631516066,4920.089789799082,1306.0,4218.521123207169,4943.055575990918,1351.25,7.069023426578259,8.329832659237457,7.791663702393988,8.501082059278989
698,43,10,2023,TOP LOAD,10482.40894007295,7056.718213074778,6534.0,96.61749640322043,3425.690726998173,0.32469340119839196,18898.88087051741,6164.0,10346.970584573632,19711.54652569654,5800.25,8.784774592161016,9.257453792155095,8.861735380073911,9.846857986094426
699,43,10,2023,TWIN TUB,5270.415345222709,3428.407433722276,423.0,17.99826388888889,1842.007911500433,0.33250820801667985,7809.439049808184,565.0,5542.481287138155,7586.510706134373,645.0,6.0473721790462776,8.569864451565055,8.139851127299789,8.963088415645794
700,43,10,2023,WASHER-DRYER,17664.796741283448,13492.61229828734,17.0,0.0,4172.1844429961075,0.24387877495383847,32601.155941709236,27.0,17413.29994083965,31658.55927683436,22.75,2.833213344056216,9.779329053431177,9.509897577473714,10.392103025060806
701,43,10,2024,FRONT LOAD,11693.115649174659,7649.943493239869,753.0,1.5135789228754557,4043.1721559347893,0.3363398603617741,31504.846828731028,593.0,11743.543248965467,30063.68076085684,673.25,6.6240652277998935,9.366755541553621,8.942453540288708,10.357896680556085
702,43,10,2024,LAUNDRY CENTER,19822.221419586444,14648.235337283211,116.0,0.722008547008547,5173.98608230323,0.24425471491656042,36168.300052910185,55.0,20651.250853983736,40611.42156769624,66.0,4.7535901911063645,9.89455888130011,9.592075152396998,10.495938325028012
703,43,10,2024,SINGLE TUB,4184.285033312673,2256.2549514463976,1286.0,536.4548297827903,1928.0300818662752,0.45864455207373783,4899.33651050665,1175.0,4145.723745642255,4920.089789799082,1252.25,7.1592919047975645,8.339091128021103,7.721461616625663,8.496855068911444
704,43,10,2024,TOP LOAD,10335.768415107577,6317.374287292712,6034.0,85.9654732093157,4018.3941278148654,0.38434233790995553,19574.33105192641,6534.0,10482.40894007295,18898.88087051741,5986.25,8.705165419719007,9.243365820112276,8.751058939941718,9.881974346682552
705,43,10,2024,TWIN TUB,5480.964069843157,3081.4091708154533,513.0,0.39926739926739924,2399.5548990277034,0.43329242621058534,7372.255915267589,423.0,5270.415345222709,7809.439049808184,610.75,6.240275845170769,8.609036289622907,8.03314229432792,8.905479032683598
706,43,10,2024,WASHER-DRYER,17642.332111393804,12895.185660336696,26.0,1.1666666666666667,4747.146451057109,0.27727328967289616,30800.684197842413,17.0,17664.796741283448,32601.155941709236,23.0,3.258096538021482,9.778056526683685,9.464609316066523,10.335292182930596
707,44,10,2023,FRONT LOAD,11734.123764579554,8166.152147811858,604.0,0.20394442272756455,3567.9716167676957,0.29684415263099023,30064.328839711503,753.0,11693.115649174659,31504.846828731028,696.0,6.403574197934815,9.370256436948464,9.007753103571227,10.311094659582766
708,44,10,2023,LAUNDRY CENTER,20943.938767885866,15973.281415943658,59.0,0.0,4970.657351942208,0.239247919754942,39751.767049971495,116.0,19822.221419586444,36168.300052910185,77.75,4.07753744390572,9.949604564534152,9.678672693861994,10.590409573181757
709,44,10,2023,SINGLE TUB,4173.774640985379,2365.230046688673,1102.0,0.35162037037037036,1808.5445942967056,0.4300147500417148,4886.685397638355,1286.0,4184.285033312673,4899.33651050665,1297.5,7.004881989712859,8.336576095040467,7.768630567522619,8.494269519842613
710,44,10,2023,TOP LOAD,10403.619795002027,6853.248738834067,4942.0,0.650053362153407,3550.3710561679613,0.3342107559757192,18948.187875779524,6034.0,10335.768415107577,19574.33105192641,6184.5,8.505525386548555,9.249909081783338,8.832478087269468,9.849463579330116
711,44,10,2023,TWIN TUB,5349.178835866006,3263.288117873128,479.0,0.2055393586005831,2085.890717992878,0.38307516112940004,7804.581295841473,513.0,5480.964069843157,7372.255915267589,554.25,6.171700597410915,8.584698339486291,8.090490591154673,8.962466185878455
712,44,10,2023,WASHER-DRYER,17233.22365901285,14161.079290871718,18.0,0.0,3072.144368141131,0.18388291405369664,32360.061317418716,26.0,17642.332111393804,30800.684197842413,25.0,2.8903717578961645,9.754594407727668,9.55825258544979,10.38468026602288
713,44,10,2024,FRONT LOAD,11807.150602069885,7812.500196432466,602.0,1.5759359902040038,3994.650405637422,0.32092455403114234,30980.148029950495,604.0,11734.123764579554,30064.328839711503,671.5,6.400257445308821,9.376460610146324,8.963480319188012,10.341101892201875
714,44,10,2024,LAUNDRY CENTER,19255.96474470518,13924.529719048838,94.0,0.3939393939393939,5331.435025656342,0.25328757046324374,36089.01286355032,59.0,20943.938767885866,39751.767049971495,79.5,4.543294782270004,9.865576148588007,9.541407291804992,10.493743745186016
715,44,10,2024,SINGLE TUB,4237.034701522581,2167.8053634575776,1092.0,525.2737748928156,2069.229338065003,0.4899644774061363,4877.903048951698,1102.0,4173.774640985379,4886.685397638355,1217.25,6.9957661563048505,8.351618940709278,7.681470581526378,8.492470703414698
716,44,10,2024,TOP LOAD,10466.627288560914,6390.733061115155,5020.0,104.81439500232901,4075.8942274457586,0.38296659352952,19620.92362447356,4942.0,10403.619795002027,18948.187875779524,5918.5,8.521185212685776,9.255947120981755,8.762604260841059,9.884351807672571
717,44,10,2024,TWIN TUB,5503.756217147408,2847.738182878557,455.0,0.5263706483218678,2656.018034268851,0.4842040414870634,7426.38960954723,479.0,5349.178835866006,7804.581295841473,495.0,6.12029741895095,8.613186086689568,7.954280338136983,8.912795098960974
718,44,10,2024,WASHER-DRYER,17172.484916949357,13741.695890795998,25.0,0.5,3430.7890261533594,0.20308302184085644,30585.814061874735,18.0,17233.22365901285,32360.061317418716,22.0,3.2188758248682006,9.751063667761802,9.52818998543755,10.328291587698939
719,45,11,2023,FRONT LOAD,11299.142551031708,8216.40196140768,1835.0,0.19817588325652843,3082.7405896240275,0.26870713877757124,30183.869825968697,602.0,11807.150602069885,30980.148029950495,638.0,7.51479976048867,9.332482121381695,9.01388767463361,10.315062948951594
720,45,11,2023,LAUNDRY CENTER,19981.261972475768,15674.429464900524,167.0,0.07692307692307693,4306.832507575245,0.2087603119892249,39291.29377844542,94.0,19255.96474470518,36089.01286355032,81.0,5.117993812416755,9.902550211993496,9.659785967065215,10.578758240960358
721,45,11,2023,SINGLE TUB,4092.7431015945535,2325.6375871714713,2090.0,0.32599475201622014,1767.1055144230822,0.42545459881113423,4828.815912865457,1092.0,4237.034701522581,4877.903048951698,1163.75,7.644919344958857,8.316970709214626,7.751749511468491,8.482356563975957
722,45,11,2023,TOP LOAD,10206.179779178306,6928.941171072613,10709.0,0.5708530519297869,3277.238608105692,0.31861705040526905,19034.983867269966,5020.0,10466.627288560914,19620.92362447356,5632.5,9.278839788400875,9.230748676516619,8.843462291343483,9.854033821286423
723,45,11,2023,TWIN TUB,5299.555039737309,3079.9305951862643,880.0,0.26783479349186484,2219.6244445510456,0.4072566426396622,7748.487075342291,455.0,5503.756217147408,7426.38960954723,467.5,6.779921907472252,8.575378141249269,8.032662341683292,8.955252887205386
724,45,11,2023,WASHER-DRYER,15990.878918648517,13891.174337219427,161.0,0.0,2099.7045814290896,0.1301606571235512,32315.29995529457,25.0,17172.484916949357,30585.814061874735,21.5,5.081404364984463,9.679773771087145,9.539008977690775,10.38329607988491
725,45,11,2024,FRONT LOAD,11294.254177571278,7371.998856054912,1450.0,0.5916045066045066,3922.255321516367,0.3391533275465527,30999.65139577023,1835.0,11299.142551031708,30183.869825968697,948.5,7.27931883541462,9.332049395519759,8.905444163615382,10.34173123810632
726,45,11,2024,LAUNDRY CENTER,18851.180113804603,13633.040950841338,221.0,0.16666666666666666,5218.139162963263,0.2563982381732451,35758.98627608303,167.0,19981.261972475768,39291.29377844542,109.0,5.3981627015177525,9.844330796423389,9.520251606984255,10.484556880901383
727,45,11,2024,SINGLE TUB,4109.557561888773,2061.0263503123265,1464.0,538.7882282014862,2048.5312115764464,0.49709048962842156,4950.033404763716,2090.0,4092.7431015945535,4828.815912865457,1392.5,7.288927694521257,8.321070652520211,7.630959366016068,8.50714960397708
728,45,11,2024,TOP LOAD,9970.245200646421,6143.827410654594,10773.0,105.19424059601884,3826.417789991827,0.37836509948948044,19498.993250767406,10709.0,10206.179779178306,19034.983867269966,6676.25,9.284798282894192,9.207360456499641,8.723203183719185,9.878118115053285
729,45,11,2024,TWIN TUB,5552.673430633934,2901.3908292892984,660.0,1.803368484613228,2651.2826013446347,0.4749757070605428,7357.611880986154,880.0,5299.555039737309,7748.487075342291,581.75,6.492239835020471,8.622034789973979,7.972945497311669,8.90349068637817
730,45,11,2024,WASHER-DRYER,15659.899818297397,12453.468510855484,128.0,0.8666666666666667,3206.431307441912,0.19862789368709877,30692.62604349008,161.0,15990.878918648517,32315.29995529457,57.5,4.852030263919617,9.658858572225315,9.42975445834184,10.33177771070096
731,46,11,2023,FRONT LOAD,11383.739630140743,8402.816765410571,4771.0,0.1515072237631204,2980.9228647301734,0.2581637089795842,30472.85691591909,1450.0,11294.254177571278,30999.65139577023,1122.75,8.470311205516108,9.339941267946354,9.036322257836673,10.324591629183331
732,46,11,2023,LAUNDRY CENTER,19036.6233515702,15537.544581786497,371.0,0.10714285714285714,3499.0787697837045,0.17007427855876595,39797.27902919374,221.0,18851.180113804603,35758.98627608303,135.25,5.916202062607435,9.854119947637319,9.651014605117279,10.5915538228348
733,46,11,2023,SINGLE TUB,4122.690623906533,2262.285924726993,4310.0,0.2336760467561383,1860.4046991795392,0.4490885673431423,4808.111019865002,1464.0,4109.557561888773,4950.033404763716,1437.0,8.368693183097793,8.324261293245023,7.7241310521922335,8.478059566602576
734,46,11,2023,TOP LOAD,9939.157781542519,6809.824711209483,33465.0,0.2711814766697107,3129.3330703330357,0.30923518178894993,19528.24426289388,10773.0,9970.245200646421,19498.993250767406,7861.0,10.418255395534743,9.2042375658337,8.82612165890178,9.879617120336123
735,46,11,2023,TWIN TUB,5243.89337916497,3094.5017154907537,3040.0,0.11677344205008736,2149.3916636742165,0.39655593542343914,7657.785847573144,660.0,5552.673430633934,7357.611880986154,618.5,8.019612794400267,8.564819512709878,8.037382175546933,8.943478167108896
736,46,11,2023,WASHER-DRYER,15774.830423547819,13086.981730091735,298.0,0.0,2687.8486934560865,0.1654474992838463,32482.602784060036,128.0,15659.899818297397,30692.62604349008,83.0,5.697093486505405,9.666170937655776,9.479373254019642,10.388459926042197
737,46,11,2024,FRONT LOAD,11000.80544812265,7207.742643867973,4939.0,0.3881649793355736,3793.062804254679,0.3264885971499476,31111.13982707683,4771.0,11383.739630140743,30472.85691591909,2164.5,8.504918160540624,9.305723771656472,8.88291109441491,10.345321227827926
738,46,11,2024,LAUNDRY CENTER,19053.26385080418,12579.954422319755,758.0,0.23406593406593407,6473.309428484422,0.31281975108773746,35481.229108326996,371.0,19036.6233515702,39797.27902919374,213.25,6.630683385642372,9.854993696630286,9.439859907220821,10.47675907811004
739,46,11,2024,SINGLE TUB,4177.845950384337,2089.5604296539063,4167.0,345.63481316357615,2088.28552073043,0.4965217833532953,4962.789973595342,4310.0,4122.690623906533,4808.111019865002,2239.0,8.334951631422454,8.337551069819776,7.64470900209859,8.509723356254623
740,46,11,2024,TOP LOAD,9853.271249062536,5958.890193516464,36626.0,53.018183594785754,3894.3810555460723,0.3924543517618906,19260.272991109257,33465.0,9939.157781542519,19528.24426289388,14991.75,10.508513649700895,9.195558785534788,8.692639533578788,9.865799859244879
741,46,11,2024,TWIN TUB,5306.5100364299915,2805.160148545921,2639.0,1.1712207932918786,2501.3498878840705,0.46358782608460464,7576.424420759351,3040.0,5243.89337916497,7657.785847573144,1258.75,7.878155336503324,8.576689654546549,7.939215910282764,8.932796655044292
742,46,11,2024,WASHER-DRYER,15678.215164011426,12457.502807329236,362.0,0.9722222222222222,3220.7123566821883,0.20050943898821982,30642.882153906216,298.0,15774.830423547819,32482.602784060036,153.0,5.8916442118257715,9.660027458599604,9.430078355508071,10.330155684505954
743,47,11,2023,FRONT LOAD,11520.07959114469,8320.726568400669,2768.0,0.15606026299951783,3199.353022744022,0.274559364401442,30989.181681505113,4939.0,11000.80544812265,31111.13982707683,3248.75,7.92588031673756,9.351846843179548,9.026504857935166,10.341393444544321
744,47,11,2023,LAUNDRY CENTER,18998.058503604076,15525.06386555318,265.0,0.14285714285714285,3472.9946380508945,0.16852632967519415,38577.588551844216,758.0,19053.26385080418,35481.229108326996,379.25,5.579729825986222,9.852092068906597,9.65021102051645,10.560426779369962
745,47,11,2023,SINGLE TUB,4106.5347089577745,2259.232243650541,3238.0,0.24343257342133326,1847.3024653072334,0.44788911375765705,4834.4485854335,4167.0,4177.845950384337,4962.789973595342,3007.75,8.08271113423758,8.320334815344156,7.722780319351176,8.483522354937586
746,47,11,2023,TOP LOAD,9973.380844819138,6777.9425952335605,20886.0,0.32762852941089804,3195.438249585578,0.3152777646677217,19717.044120371258,36626.0,9853.271249062536,19260.272991109257,22893.25,9.946834357039494,9.207674907261143,8.821428882853109,9.889238724445525
747,47,11,2023,TWIN TUB,5288.529677432112,3105.092987984971,2902.0,0.13613085284280935,2183.436689447142,0.4000455479494163,7572.065739720697,2639.0,5306.5100364299915,7576.424420759351,1804.75,7.973155433444133,8.573295542444168,8.040798941740398,8.932221194240904
748,47,11,2023,WASHER-DRYER,15942.070731145777,12864.172447930034,223.0,0.0,3077.8982832157435,0.1904982622767552,32243.539022805624,362.0,15678.215164011426,30642.882153906216,237.25,5.407171771460119,9.676716851757964,9.462201396796093,10.381072961774985
749,47,11,2024,FRONT LOAD,11133.366947663511,7371.858439537877,2941.0,0.5603933690775796,3761.508508125635,0.3279741322121533,31256.67366389494,2768.0,11520.07959114469,30989.181681505113,3482.0,7.9865049385539955,9.317701909543338,8.905425116155246,10.349988189609084
750,47,11,2024,LAUNDRY CENTER,17997.329350912587,14094.761282459494,455.0,0.0303030303030303,3902.5680684530917,0.1801258539362839,35907.82489389793,265.0,18998.058503604076,38577.588551844216,403.75,6.12029741895095,9.79797865647673,9.55355846707698,10.48871051434408
751,47,11,2024,SINGLE TUB,4076.4765558295067,2074.627785112272,2857.0,480.4127167932019,2001.8487707172346,0.4873486890599377,4945.713745551237,3238.0,4106.5347089577745,4834.4485854335,3294.75,7.957527402230773,8.312988305032707,7.637537035905377,8.506276570456471
752,47,11,2024,TOP LOAD,9863.059116468135,6233.967673189734,23390.0,49.51839522464532,3629.0914432784,0.3574804461989535,18861.556237539433,20886.0,9973.380844819138,19717.044120371258,25437.5,10.060063859578225,9.196551654697375,8.737768274749149,9.844881068029245
753,47,11,2024,TWIN TUB,5127.445836444797,2943.476716892442,2882.0,0.9647522405619571,2183.9691195523556,0.41011555280970635,7689.381582404254,2902.0,5288.529677432112,7572.065739720697,2310.25,7.966239776559467,8.54236292654502,7.987346718429368,8.947595640852985
754,47,11,2024,WASHER-DRYER,16431.174095610037,13347.08488605283,194.0,0.8095238095238095,3084.089209557208,0.18800815989282382,30817.437394865447,223.0,15942.070731145777,32243.539022805624,252.75,5.267858159063328,9.706935668953488,9.499053279388956,10.335835957943623
755,48,11,2023,FRONT LOAD,11438.85470565546,8027.166327582516,885.0,0.2078024158381301,3411.6883780729454,0.29231542547585837,30885.605770917704,2941.0,11133.366947663511,31256.67366389494,3854.75,6.785587645007929,9.344771146780129,8.990586858931291,10.338045521695713
756,48,11,2023,LAUNDRY CENTER,19609.014246181083,15576.54156301654,96.0,0.02564102564102564,4032.472683164543,0.1901268351088368,37631.6501632955,455.0,17997.329350912587,35907.82489389793,462.25,4.564348191467836,9.883744650011623,9.653521315516464,10.535600734959123
757,48,11,2023,SINGLE TUB,4043.8987189066415,2328.242683641615,1339.0,0.2009898651794088,1715.6560352650265,0.4135456386501019,4943.15406146239,2857.0,4076.4765558295067,4945.713745551237,3643.0,7.199678345691172,8.304964535045984,7.752869048968661,8.505758880424414
758,48,11,2023,TOP LOAD,10230.920836175892,6762.187288293657,6074.0,0.4111983645267195,3468.7335478822347,0.33598428019717763,19246.897635132504,23390.0,9863.059116468135,18861.556237539433,28591.75,8.711772645605693,9.233169868206144,8.819101680058726,9.865105164916672
759,48,11,2023,TWIN TUB,5354.047348264967,3274.237580272113,852.0,0.2808845029239766,2079.8097679928533,0.3791146180211756,7665.313102575262,2882.0,5127.445836444797,7689.381582404254,2865.75,6.747586526829315,8.585608067572192,8.093840321050333,8.944460638818057
760,48,11,2023,WASHER-DRYER,16783.58438131584,14065.569539006237,35.0,0.0,2718.014842309603,0.16568841833728246,31473.436994763557,194.0,16431.174095610037,30817.437394865447,269.25,3.5553480614894135,9.728156567538475,9.55148521345686,10.356899199054055
761,48,11,2024,FRONT LOAD,11770.77243923353,7240.207493728544,759.0,7.420370684066336,4530.564945504986,0.38294672767223586,30968.59710466654,885.0,11438.85470565546,30885.605770917704,2883.25,6.63200177739563,9.373374825903252,8.887405144323862,10.34072897341578
762,48,11,2024,LAUNDRY CENTER,19700.486155900464,14256.306280863559,96.0,0.3106060606060606,5444.179875036905,0.25516420820830904,37967.844466136055,96.0,19609.014246181083,37631.6501632955,393.5,4.564348191467836,9.888398592386075,9.564954633827698,10.544494882221096
763,48,11,2024,SINGLE TUB,4204.357514356468,2052.455442340139,1311.0,160.87974942217713,2151.9020720163294,0.5145218681768472,4968.79093934377,1339.0,4043.8987189066415,4943.15406146239,2900.25,7.1785454837637,8.343876769854965,7.626792132121459,8.510931817733482
764,48,11,2024,TOP LOAD,10178.746549628277,6104.48123930868,7399.0,49.384205842740364,4074.2653103195976,0.3934759774765251,18780.18655535055,6074.0,10230.920836175892,19246.897635132504,21744.0,8.90910013492555,9.228057153803341,8.716778409848176,9.84055768643765
765,48,11,2024,TWIN TUB,5261.841779019382,2769.9083054887783,545.0,2.6523268398268396,2491.9334735306024,0.46495800405141813,7719.888681318961,852.0,5354.047348264967,7665.313102575262,2318.75,6.300785794663244,8.568236392546758,7.926569495921845,8.951555223396591
766,48,11,2024,WASHER-DRYER,16870.899687924037,12009.886475475583,26.0,0.0,4861.013212448454,0.2912212447990011,30335.597870144662,35.0,16783.58438131584,31473.436994763557,203.5,3.258096538021482,9.733345504759601,9.393485462529403,10.32007714910404
767,49,12,2023,FRONT LOAD,11615.353864160303,8387.40826336753,1670.0,0.19099235858906116,3227.9456007927733,0.26987934012283293,30930.48017659871,759.0,11770.77243923353,30968.59710466654,1838.25,7.4205789054108005,9.360083110875623,9.034486843916701,10.339497390181911
768,49,12,2023,LAUNDRY CENTER,18493.152634243244,16040.367517287345,241.0,0.0,2452.785116955898,0.11245597602357754,37843.81127082266,96.0,19700.486155900464,37967.844466136055,228.0,5.484796933490655,9.825155814673442,9.682863793707103,10.54122273878153
769,49,12,2023,SINGLE TUB,4072.40206509263,2354.2995239153843,1533.0,0.10039044404738269,1718.1025411772457,0.4059931350928008,4922.400037403278,1311.0,4204.357514356468,4968.79093934377,2186.25,7.334981878871814,8.311988292327655,7.763998520131704,8.501551503024865
770,49,12,2023,TOP LOAD,9963.26451891914,6788.290308000859,8373.0,0.2618538855008247,3174.974210918281,0.30508036428595536,19495.561669665796,7399.0,10178.746549628277,18780.18655535055,14437.25,9.032767522204432,9.206660059819793,8.8229543932653,9.877942111961701
771,49,12,2023,TWIN TUB,5345.086882858542,3130.2594046157737,1336.0,0.05172413793103449,2214.8274782427684,0.4059188982260409,7677.989887288423,545.0,5261.841779019382,7719.888681318961,1795.25,7.197435354096591,8.583933078305247,8.04887115697415,8.946113058457561
772,49,12,2023,WASHER-DRYER,16134.835732009435,13647.579214789663,143.0,0.0,2487.256517219772,0.15371123916096777,31335.910025482626,26.0,16870.899687924037,30335.597870144662,119.5,4.962844630259907,9.688735923585735,9.521317437983429,10.352520004058759
773,49,12,2024,FRONT LOAD,11395.751294301404,7380.337336992283,1839.0,0.7111589859415947,4015.4139573091215,0.342918534895111,31162.236283406965,1670.0,11615.353864160303,30930.48017659871,1563.75,7.516977224604321,9.340995871432778,8.906574626169416,10.346962265169674
774,49,12,2024,LAUNDRY CENTER,18877.936119715534,13728.279870933009,156.0,0.225,5149.656248782527,0.22492188114532669,39246.22739004338,241.0,18493.152634243244,37843.81127082266,222.0,5.049856007249537,9.845749118031062,9.527213208388597,10.577610601139853
775,49,12,2024,SINGLE TUB,4071.685744617283,2108.417737893347,1507.0,609.9398105220722,1963.2680067239364,0.4781145821850215,5061.877236037407,1533.0,4072.40206509263,4922.400037403278,1760.0,7.317876198626496,8.311812380551178,7.6536930579096865,8.529492688744094
776,49,12,2024,TOP LOAD,10010.917857636894,6116.3193881596535,10239.0,70.26003547672717,3894.5984694772424,0.38522908124370714,18840.21375695201,8373.0,9963.26451891914,19495.561669665796,11309.0,9.233959237574817,9.211431562175243,8.718715787425088,9.843748893976393
777,49,12,2024,TWIN TUB,5269.221807112368,2905.8594458298453,977.0,0.7558843839400217,2363.3623612825227,0.44043736754022755,7623.318941624648,1336.0,5345.086882858542,7677.989887288423,1403.75,6.884486652042782,8.569637965947345,7.974484476074706,8.938967110497085
778,49,12,2024,WASHER-DRYER,16341.430456446897,13317.21300991332,88.0,0.7222222222222222,3024.217446533579,0.18227664602246238,30549.179375010553,143.0,16134.835732009435,31335.910025482626,99.5,4.477336814478207,9.701458907816512,9.496812688712009,10.327093102537177
779,50,12,2023,FRONT LOAD,11993.029788580254,8514.199770595324,861.0,0.23779572345775124,3478.8300179849316,0.2797174911804991,31329.636582122363,1839.0,11395.751294301404,31162.236283406965,1288.25,6.7580945044277305,9.392080909059226,9.049490609889586,10.352319784202049
780,50,12,2023,LAUNDRY CENTER,19599.065307415618,15449.954992775833,76.0,0.09090909090909091,4149.110314639784,0.2048883392513796,36819.47562026199,156.0,18877.936119715534,39246.22739004338,147.25,4.330733340286331,9.883237155684318,9.645361369232706,10.513782212976311
781,50,12,2023,SINGLE TUB,4050.7741249389996,2300.5962456648717,1741.0,0.16346870061155774,1750.1778792741275,0.4224976630062122,4922.791350010828,1507.0,4071.685744617283,5061.877236037407,1422.5,7.462214939768189,8.306663283795535,7.740923605566669,8.501630996168748
782,50,12,2023,TOP LOAD,10177.332360347298,6828.9525941319025,7154.0,0.2850632811817617,3348.3797662153947,0.32191573805511553,19359.553478571204,10239.0,10010.917857636894,18840.21375695201,8021.25,8.875426919818963,9.227918208647008,8.828926587090736,9.870941296441199
783,50,12,2023,TWIN TUB,5443.831975230505,3254.719146739592,867.0,0.1850394754449351,2189.1128284909128,0.398943972589685,7724.502394873768,977.0,5269.221807112368,7623.318941624648,927.5,6.7650389767805414,8.602238499083164,8.08786126727627,8.952152684788144
784,50,12,2023,WASHER-DRYER,15992.19787692013,14113.879992181397,65.0,0.0,1878.317884738737,0.10078549596269328,31422.18890038757,88.0,16341.430456446897,30549.179375010553,73.0,4.174387269895637,9.67985624959794,9.554913988774265,10.355269575213347
785,50,12,2024,FRONT LOAD,11805.55717993537,7520.407688557976,801.0,0.3211194741482726,4285.149491377392,0.3601608632596498,30984.066040115707,861.0,11993.029788580254,31329.636582122363,1282.25,6.68586094706836,9.37632564704496,8.925375629378351,10.341228352618721
786,50,12,2024,LAUNDRY CENTER,20442.63678255159,14391.299905394257,57.0,0.29137529137529133,6051.336877157335,0.28668735783120025,38570.69401054659,76.0,19599.065307415618,36819.47562026199,142.25,4.04305126783455,9.925378037101021,9.574379129741386,10.560248044572841
787,50,12,2024,SINGLE TUB,4150.349251840209,2090.7792440397375,1288.0,0.839421768707483,2059.570007800471,0.49643118998758773,4986.9444278922365,1741.0,4050.7741249389996,4922.791350010828,1523.0,7.160845906664299,8.330947766753667,7.645292119507942,8.514578662089656
788,50,12,2024,TOP LOAD,10255.987925036683,6241.271510037481,8588.0,0.7922344416807134,4014.7164149992013,0.3916148230825177,18411.012159088823,7154.0,10177.332360347298,19359.553478571204,8291.25,9.058121158998672,9.23561700180374,8.73893920823988,9.820704251482214
789,50,12,2024,TWIN TUB,5314.571450486248,2902.4841171458484,988.0,0.780799062049062,2412.0873333404,0.4472124912814916,7634.165049160821,867.0,5443.831975230505,7724.502394873768,931.25,6.895682697747868,8.578207657325118,7.973322241428168,8.940388853344032
790,50,12,2024,WASHER-DRYER,16779.23652423356,12540.347249415552,25.0,0.5,4238.889274818008,0.25363826450165716,31160.14174273588,65.0,15992.19787692013,31422.18890038757,80.5,3.2188758248682006,9.727897479834326,9.436706505144466,10.346895048842628
791,51,12,2023,FRONT LOAD,11873.287419362317,8474.588842406623,799.0,0.19830622158208364,3398.698576955696,0.26821350102918684,31414.07951930019,801.0,11805.55717993537,30984.066040115707,1292.75,6.683360945766275,9.382046401185667,9.04482741690149,10.355011463732943
792,51,12,2023,LAUNDRY CENTER,19838.8584585186,16198.678292079288,100.0,0.0,3640.1801664393124,0.17795667576827262,36690.86891384569,57.0,20442.63678255159,38570.69401054659,132.5,4.605170185988092,9.895397841810471,9.692684930983397,10.510283199648505
793,51,12,2023,SINGLE TUB,4102.037658924796,2352.182895988249,2119.0,0.08139941792985997,1749.8547629365473,0.4193853713544058,4954.872034945768,1288.0,4150.349251840209,4986.9444278922365,1517.25,7.6586995582682995,8.319239119215439,7.763099067894983,8.5081266209908
794,51,12,2023,TOP LOAD,10172.50384828379,6778.10827134141,8248.0,0.1625583238151161,3394.395576942381,0.3139601474100755,19294.41631511958,8588.0,10255.987925036683,18411.012159088823,8588.5,9.017726025696795,9.227443658178432,8.821453325975886,9.867571022937305
795,51,12,2023,TWIN TUB,5401.990032935213,3187.8641225812116,901.0,0.06652046783625731,2214.1259103540015,0.3986561423828932,7706.186244319761,988.0,5314.571450486248,7634.165049160821,1042.0,6.803505257608338,8.59452268928148,8.067106417477696,8.949778693635253
796,51,12,2023,WASHER-DRYER,16172.000417785148,13655.75531841032,80.0,0.125,2516.245099374829,0.1557458065046097,31027.701986266497,25.0,16779.23652423356,31160.14174273588,80.25,4.382026634673881,9.69103665659452,9.5219163467984,10.342635696893582
797,51,12,2024,FRONT LOAD,11430.087506659178,7591.164712971744,930.0,0.20884205605177036,3838.922793687436,0.30906884730003803,31084.831236255974,799.0,11873.287419362317,31414.07951930019,1075.0,6.835184586147301,9.344004412635243,8.93474031223634,10.344475237583215
798,51,12,2024,LAUNDRY CENTER,19278.385537909897,14132.204769524433,112.0,0.0,5146.180768385461,0.2364279687977333,36842.98698594577,100.0,19838.8584585186,36690.86891384569,97.25,4.718498871295094,9.866739826998067,9.556211498150768,10.514420567048395
799,51,12,2024,SINGLE TUB,4125.676599749066,2047.1764626506865,1769.0,0.16507133085792458,2078.5001370983796,0.5035060184853897,4889.7932127085705,2119.0,4102.037658924796,4954.872034945768,1663.75,7.478169694159785,8.324985309499878,7.624216787441992,8.494905293785106
800,51,12,2024,TOP LOAD,10031.943413967545,6120.747413165122,10809.0,0.39766427471186133,3911.1960008024225,0.3835570017711952,18372.4378358844,8248.0,10172.50384828379,19294.41631511958,8557.25,9.288134399416203,9.21352962230332,8.719439494383728,9.818606876855835
801,51,12,2024,TWIN TUB,5277.526330005549,2854.2167007646203,986.0,0.07360959651035988,2423.309629240928,0.45039880204936616,7575.519858157136,901.0,5401.990032935213,7706.186244319761,933.25,6.893656354602635,8.571212768815771,7.956552723943623,8.932677256162323
802,51,12,2024,WASHER-DRYER,15823.759066374296,12465.780392469438,62.0,0.0,3357.9786739048564,0.1961661023040621,30640.26352878163,80.0,16172.000417785148,31027.701986266497,64.5,4.127134385045092,9.66926782791078,9.430742600694245,10.330070224626342
803,52,12,2023,FRONT LOAD,12076.86392140803,8549.109025582895,756.0,0.13806336456938867,3527.754895825136,0.2761925687664945,31082.19572599074,930.0,11430.087506659178,31084.831236255974,847.75,6.628041376179533,9.399046828629551,9.053582348966659,10.344390449540562
804,52,12,2023,LAUNDRY CENTER,19848.139402155484,15250.77934992291,83.0,0.16666666666666666,4597.360052232574,0.206795589469164,37019.99981080376,112.0,19278.385537909897,36842.98698594577,86.25,4.418840607796598,9.895865548833243,9.632385885642725,10.519213581016839
805,52,12,2023,SINGLE TUB,4095.997803191218,2380.706470798409,2134.0,0.19266072550956273,1715.2913323928085,0.41150223246942313,4961.054551176266,1769.0,4125.676599749066,4889.7932127085705,1729.25,7.665753431861699,8.31776563038893,7.775152559088212,8.509373608244678
806,52,12,2023,TOP LOAD,10276.792934518642,6722.96338993116,8410.0,0.2338244095510917,3553.8295445874824,0.3383481471416364,19535.210043746607,10809.0,10031.943413967545,18372.4378358844,8699.75,9.037176752966994,9.237643518985644,8.813284316958324,9.879973759606775
807,52,12,2023,TWIN TUB,5386.322098494137,3280.1064040520746,635.0,0.12483882851353842,2106.2156944420626,0.38095372093117424,7629.676730949957,986.0,5277.526330005549,7575.519858157136,935.5,6.453624998892692,8.591618074497298,8.095631141111795,8.939800755222358
808,52,12,2023,WASHER-DRYER,17182.482727469687,14228.051245160084,67.0,0.0,2954.4314823096033,0.18020169085061427,30949.11575709688,62.0,15823.759066374296,30640.26352878163,58.0,4.204692619390966,9.751645697755604,9.562970734773982,10.340099707659276
809,52,12,2024,FRONT LOAD,11713.32131395418,7665.25626667425,774.0,0.20481567259517572,4048.06504727993,0.3399522753196597,31111.791868111934,756.0,12076.86392140803,31082.19572599074,821.5,6.651571873589727,9.368482046944465,8.944453224103098,10.345342186050798
810,52,12,2024,LAUNDRY CENTER,18667.41629289711,13985.19397901927,249.0,0.0,4682.222313877841,0.21341165700288298,37206.15094216278,83.0,19848.139402155484,37019.99981080376,88.0,5.517452896464707,9.834534838790903,9.545754476045355,10.524229374500381
811,52,12,2024,SINGLE TUB,4216.013892580971,2186.431436277201,1532.0,0.1657375110341695,2029.5824563037695,0.48427680279623114,5025.040044007345,2134.0,4095.997803191218,4961.054551176266,1827.5,7.3343293503005365,8.346645385419984,7.690026012610202,8.52218870185221
812,52,12,2024,TOP LOAD,10243.892922716966,6138.249279804464,8715.0,0.3944693919842214,4105.643642912502,0.39851308093968424,18555.502141059627,8410.0,10276.792934518642,19535.210043746607,9013.75,9.07280095795412,9.234436994581944,8.722294846900544,9.828521635433
813,52,12,2024,TWIN TUB,5205.734118617828,2886.008362889354,934.0,0.05476190476190477,2319.7257557284743,0.43669280616278144,7758.9189145963455,635.0,5386.322098494137,7629.676730949957,877.5,6.839476438228843,8.557516012144607,7.967629637073677,8.956598288342674
814,52,12,2024,WASHER-DRYER,16275.657663388105,12569.150652758346,67.0,0.0,3706.5070106297576,0.21603630391235837,31021.8616567974,67.0,17182.482727469687,30949.11575709688,58.5,4.204692619390966,9.6974258756851,9.439000729910635,10.342447449655618
